"cohortId","cohortName"
1001,"[HIV] Pop12016"
1002,"[HIV] Pop12017"
1003,"[HIV] Pop12018"
1004,"[HIV] Pop12019"
1005,"[HIV] Pop12020"
1006,"[HIV] Pop12021"
1007,"[HIV] Pop12022"
1008,"[HIV] Pop12023"
1001001,"[HIV] Pop12016 - male patients in cohort 1 Age 15 - 29"
1002001,"[HIV] Pop12017 - male patients in cohort 1 Age 15 - 29"
1003001,"[HIV] Pop12018 - male patients in cohort 1 Age 15 - 29"
1004001,"[HIV] Pop12019 - male patients in cohort 1 Age 15 - 29"
1005001,"[HIV] Pop12020 - male patients in cohort 1 Age 15 - 29"
1006001,"[HIV] Pop12021 - male patients in cohort 1 Age 15 - 29"
1007001,"[HIV] Pop12022 - male patients in cohort 1 Age 15 - 29"
1008001,"[HIV] Pop12023 - male patients in cohort 1 Age 15 - 29"
1001002,"[HIV] Pop12016 - male patients in cohort 1 Age 30 - 44"
1002002,"[HIV] Pop12017 - male patients in cohort 1 Age 30 - 44"
1003002,"[HIV] Pop12018 - male patients in cohort 1 Age 30 - 44"
1004002,"[HIV] Pop12019 - male patients in cohort 1 Age 30 - 44"
1005002,"[HIV] Pop12020 - male patients in cohort 1 Age 30 - 44"
1006002,"[HIV] Pop12021 - male patients in cohort 1 Age 30 - 44"
1007002,"[HIV] Pop12022 - male patients in cohort 1 Age 30 - 44"
1008002,"[HIV] Pop12023 - male patients in cohort 1 Age 30 - 44"
1001003,"[HIV] Pop12016 - male patients in cohort 1 Age 45 - 55"
1002003,"[HIV] Pop12017 - male patients in cohort 1 Age 45 - 55"
1003003,"[HIV] Pop12018 - male patients in cohort 1 Age 45 - 55"
1004003,"[HIV] Pop12019 - male patients in cohort 1 Age 45 - 55"
1005003,"[HIV] Pop12020 - male patients in cohort 1 Age 45 - 55"
1006003,"[HIV] Pop12021 - male patients in cohort 1 Age 45 - 55"
1007003,"[HIV] Pop12022 - male patients in cohort 1 Age 45 - 55"
1008003,"[HIV] Pop12023 - male patients in cohort 1 Age 45 - 55"
1001004,"[HIV] Pop12016 - male patients in cohort 1 Age 55+"
1002004,"[HIV] Pop12017 - male patients in cohort 1 Age 55+"
1003004,"[HIV] Pop12018 - male patients in cohort 1 Age 55+"
1004004,"[HIV] Pop12019 - male patients in cohort 1 Age 55+"
1005004,"[HIV] Pop12020 - male patients in cohort 1 Age 55+"
1006004,"[HIV] Pop12021 - male patients in cohort 1 Age 55+"
1007004,"[HIV] Pop12022 - male patients in cohort 1 Age 55+"
1008004,"[HIV] Pop12023 - male patients in cohort 1 Age 55+"
1001005,"[HIV] Pop12016 - male patients in cohort 1 NHW"
1002005,"[HIV] Pop12017 - male patients in cohort 1 NHW"
1003005,"[HIV] Pop12018 - male patients in cohort 1 NHW"
1004005,"[HIV] Pop12019 - male patients in cohort 1 NHW"
1005005,"[HIV] Pop12020 - male patients in cohort 1 NHW"
1006005,"[HIV] Pop12021 - male patients in cohort 1 NHW"
1007005,"[HIV] Pop12022 - male patients in cohort 1 NHW"
1008005,"[HIV] Pop12023 - male patients in cohort 1 NHW"
1001006,"[HIV] Pop12016 - male patients in cohort 1 NHB"
1002006,"[HIV] Pop12017 - male patients in cohort 1 NHB"
1003006,"[HIV] Pop12018 - male patients in cohort 1 NHB"
1004006,"[HIV] Pop12019 - male patients in cohort 1 NHB"
1005006,"[HIV] Pop12020 - male patients in cohort 1 NHB"
1006006,"[HIV] Pop12021 - male patients in cohort 1 NHB"
1007006,"[HIV] Pop12022 - male patients in cohort 1 NHB"
1008006,"[HIV] Pop12023 - male patients in cohort 1 NHB"
1001007,"[HIV] Pop12016 - male patients in cohort 1 Hispanic"
1002007,"[HIV] Pop12017 - male patients in cohort 1 Hispanic"
1003007,"[HIV] Pop12018 - male patients in cohort 1 Hispanic"
1004007,"[HIV] Pop12019 - male patients in cohort 1 Hispanic"
1005007,"[HIV] Pop12020 - male patients in cohort 1 Hispanic"
1006007,"[HIV] Pop12021 - male patients in cohort 1 Hispanic"
1007007,"[HIV] Pop12022 - male patients in cohort 1 Hispanic"
1008007,"[HIV] Pop12023 - male patients in cohort 1 Hispanic"
1001008,"[HIV] Pop12016 - male patients in cohort 1 AAPI"
1002008,"[HIV] Pop12017 - male patients in cohort 1 AAPI"
1003008,"[HIV] Pop12018 - male patients in cohort 1 AAPI"
1004008,"[HIV] Pop12019 - male patients in cohort 1 AAPI"
1005008,"[HIV] Pop12020 - male patients in cohort 1 AAPI"
1006008,"[HIV] Pop12021 - male patients in cohort 1 AAPI"
1007008,"[HIV] Pop12022 - male patients in cohort 1 AAPI"
1008008,"[HIV] Pop12023 - male patients in cohort 1 AAPI"
1001011,"[HIV] Pop12016 - female patients in cohort 1 Age 15 - 29"
1002011,"[HIV] Pop12017 - female patients in cohort 1 Age 15 - 29"
1003011,"[HIV] Pop12018 - female patients in cohort 1 Age 15 - 29"
1004011,"[HIV] Pop12019 - female patients in cohort 1 Age 15 - 29"
1005011,"[HIV] Pop12020 - female patients in cohort 1 Age 15 - 29"
1006011,"[HIV] Pop12021 - female patients in cohort 1 Age 15 - 29"
1007011,"[HIV] Pop12022 - female patients in cohort 1 Age 15 - 29"
1008011,"[HIV] Pop12023 - female patients in cohort 1 Age 15 - 29"
1001012,"[HIV] Pop12016 - female patients in cohort 1 Age 30 - 44"
1002012,"[HIV] Pop12017 - female patients in cohort 1 Age 30 - 44"
1003012,"[HIV] Pop12018 - female patients in cohort 1 Age 30 - 44"
1004012,"[HIV] Pop12019 - female patients in cohort 1 Age 30 - 44"
1005012,"[HIV] Pop12020 - female patients in cohort 1 Age 30 - 44"
1006012,"[HIV] Pop12021 - female patients in cohort 1 Age 30 - 44"
1007012,"[HIV] Pop12022 - female patients in cohort 1 Age 30 - 44"
1008012,"[HIV] Pop12023 - female patients in cohort 1 Age 30 - 44"
1001013,"[HIV] Pop12016 - female patients in cohort 1 Age 45 - 55"
1002013,"[HIV] Pop12017 - female patients in cohort 1 Age 45 - 55"
1003013,"[HIV] Pop12018 - female patients in cohort 1 Age 45 - 55"
1004013,"[HIV] Pop12019 - female patients in cohort 1 Age 45 - 55"
1005013,"[HIV] Pop12020 - female patients in cohort 1 Age 45 - 55"
1006013,"[HIV] Pop12021 - female patients in cohort 1 Age 45 - 55"
1007013,"[HIV] Pop12022 - female patients in cohort 1 Age 45 - 55"
1008013,"[HIV] Pop12023 - female patients in cohort 1 Age 45 - 55"
1001014,"[HIV] Pop12016 - female patients in cohort 1 Age 55+"
1002014,"[HIV] Pop12017 - female patients in cohort 1 Age 55+"
1003014,"[HIV] Pop12018 - female patients in cohort 1 Age 55+"
1004014,"[HIV] Pop12019 - female patients in cohort 1 Age 55+"
1005014,"[HIV] Pop12020 - female patients in cohort 1 Age 55+"
1006014,"[HIV] Pop12021 - female patients in cohort 1 Age 55+"
1007014,"[HIV] Pop12022 - female patients in cohort 1 Age 55+"
1008014,"[HIV] Pop12023 - female patients in cohort 1 Age 55+"
1001015,"[HIV] Pop12016 - female patients in cohort 1 NHW"
1002015,"[HIV] Pop12017 - female patients in cohort 1 NHW"
1003015,"[HIV] Pop12018 - female patients in cohort 1 NHW"
1004015,"[HIV] Pop12019 - female patients in cohort 1 NHW"
1005015,"[HIV] Pop12020 - female patients in cohort 1 NHW"
1006015,"[HIV] Pop12021 - female patients in cohort 1 NHW"
1007015,"[HIV] Pop12022 - female patients in cohort 1 NHW"
1008015,"[HIV] Pop12023 - female patients in cohort 1 NHW"
1001016,"[HIV] Pop12016 - female patients in cohort 1 NHB"
1002016,"[HIV] Pop12017 - female patients in cohort 1 NHB"
1003016,"[HIV] Pop12018 - female patients in cohort 1 NHB"
1004016,"[HIV] Pop12019 - female patients in cohort 1 NHB"
1005016,"[HIV] Pop12020 - female patients in cohort 1 NHB"
1006016,"[HIV] Pop12021 - female patients in cohort 1 NHB"
1007016,"[HIV] Pop12022 - female patients in cohort 1 NHB"
1008016,"[HIV] Pop12023 - female patients in cohort 1 NHB"
1001017,"[HIV] Pop12016 - female patients in cohort 1 Hispanic"
1002017,"[HIV] Pop12017 - female patients in cohort 1 Hispanic"
1003017,"[HIV] Pop12018 - female patients in cohort 1 Hispanic"
1004017,"[HIV] Pop12019 - female patients in cohort 1 Hispanic"
1005017,"[HIV] Pop12020 - female patients in cohort 1 Hispanic"
1006017,"[HIV] Pop12021 - female patients in cohort 1 Hispanic"
1007017,"[HIV] Pop12022 - female patients in cohort 1 Hispanic"
1008017,"[HIV] Pop12023 - female patients in cohort 1 Hispanic"
1001018,"[HIV] Pop12016 - female patients in cohort 1 AAPI"
1002018,"[HIV] Pop12017 - female patients in cohort 1 AAPI"
1003018,"[HIV] Pop12018 - female patients in cohort 1 AAPI"
1004018,"[HIV] Pop12019 - female patients in cohort 1 AAPI"
1005018,"[HIV] Pop12020 - female patients in cohort 1 AAPI"
1006018,"[HIV] Pop12021 - female patients in cohort 1 AAPI"
1007018,"[HIV] Pop12022 - female patients in cohort 1 AAPI"
1008018,"[HIV] Pop12023 - female patients in cohort 1 AAPI"
2001,"[HIV] Pop22016"
2002,"[HIV] Pop22017"
2003,"[HIV] Pop22018"
2004,"[HIV] Pop22019"
2005,"[HIV] Pop22020"
2006,"[HIV] Pop22021"
2007,"[HIV] Pop22022"
2008,"[HIV] Pop22023"
2001001,"[HIV] Pop22016 - male patients in cohort 2 Age 15 - 29"
2002001,"[HIV] Pop22017 - male patients in cohort 2 Age 15 - 29"
2003001,"[HIV] Pop22018 - male patients in cohort 2 Age 15 - 29"
2004001,"[HIV] Pop22019 - male patients in cohort 2 Age 15 - 29"
2005001,"[HIV] Pop22020 - male patients in cohort 2 Age 15 - 29"
2006001,"[HIV] Pop22021 - male patients in cohort 2 Age 15 - 29"
2007001,"[HIV] Pop22022 - male patients in cohort 2 Age 15 - 29"
2008001,"[HIV] Pop22023 - male patients in cohort 2 Age 15 - 29"
2001002,"[HIV] Pop22016 - male patients in cohort 2 Age 30 - 44"
2002002,"[HIV] Pop22017 - male patients in cohort 2 Age 30 - 44"
2003002,"[HIV] Pop22018 - male patients in cohort 2 Age 30 - 44"
2004002,"[HIV] Pop22019 - male patients in cohort 2 Age 30 - 44"
2005002,"[HIV] Pop22020 - male patients in cohort 2 Age 30 - 44"
2006002,"[HIV] Pop22021 - male patients in cohort 2 Age 30 - 44"
2007002,"[HIV] Pop22022 - male patients in cohort 2 Age 30 - 44"
2008002,"[HIV] Pop22023 - male patients in cohort 2 Age 30 - 44"
2001003,"[HIV] Pop22016 - male patients in cohort 2 Age 45 - 55"
2002003,"[HIV] Pop22017 - male patients in cohort 2 Age 45 - 55"
2003003,"[HIV] Pop22018 - male patients in cohort 2 Age 45 - 55"
2004003,"[HIV] Pop22019 - male patients in cohort 2 Age 45 - 55"
2005003,"[HIV] Pop22020 - male patients in cohort 2 Age 45 - 55"
2006003,"[HIV] Pop22021 - male patients in cohort 2 Age 45 - 55"
2007003,"[HIV] Pop22022 - male patients in cohort 2 Age 45 - 55"
2008003,"[HIV] Pop22023 - male patients in cohort 2 Age 45 - 55"
2001004,"[HIV] Pop22016 - male patients in cohort 2 Age 55+"
2002004,"[HIV] Pop22017 - male patients in cohort 2 Age 55+"
2003004,"[HIV] Pop22018 - male patients in cohort 2 Age 55+"
2004004,"[HIV] Pop22019 - male patients in cohort 2 Age 55+"
2005004,"[HIV] Pop22020 - male patients in cohort 2 Age 55+"
2006004,"[HIV] Pop22021 - male patients in cohort 2 Age 55+"
2007004,"[HIV] Pop22022 - male patients in cohort 2 Age 55+"
2008004,"[HIV] Pop22023 - male patients in cohort 2 Age 55+"
2001005,"[HIV] Pop22016 - male patients in cohort 1 NHW"
2002005,"[HIV] Pop22017 - male patients in cohort 1 NHW"
2003005,"[HIV] Pop22018 - male patients in cohort 1 NHW"
2004005,"[HIV] Pop22019 - male patients in cohort 1 NHW"
2005005,"[HIV] Pop22020 - male patients in cohort 1 NHW"
2006005,"[HIV] Pop22021 - male patients in cohort 1 NHW"
2007005,"[HIV] Pop22022 - male patients in cohort 1 NHW"
2008005,"[HIV] Pop22023 - male patients in cohort 1 NHW"
2001006,"[HIV] Pop22016 - male patients in cohort 1 NHB"
2002006,"[HIV] Pop22017 - male patients in cohort 1 NHB"
2003006,"[HIV] Pop22018 - male patients in cohort 1 NHB"
2004006,"[HIV] Pop22019 - male patients in cohort 1 NHB"
2005006,"[HIV] Pop22020 - male patients in cohort 1 NHB"
2006006,"[HIV] Pop22021 - male patients in cohort 1 NHB"
2007006,"[HIV] Pop22022 - male patients in cohort 1 NHB"
2008006,"[HIV] Pop22023 - male patients in cohort 1 NHB"
2001007,"[HIV] Pop22016 - male patients in cohort 1 Hispanic"
2002007,"[HIV] Pop22017 - male patients in cohort 1 Hispanic"
2003007,"[HIV] Pop22018 - male patients in cohort 1 Hispanic"
2004007,"[HIV] Pop22019 - male patients in cohort 1 Hispanic"
2005007,"[HIV] Pop22020 - male patients in cohort 1 Hispanic"
2006007,"[HIV] Pop22021 - male patients in cohort 1 Hispanic"
2007007,"[HIV] Pop22022 - male patients in cohort 1 Hispanic"
2008007,"[HIV] Pop22023 - male patients in cohort 1 Hispanic"
2001008,"[HIV] Pop22016 - male patients in cohort 1 AAPI"
2002008,"[HIV] Pop22017 - male patients in cohort 1 AAPI"
2003008,"[HIV] Pop22018 - male patients in cohort 1 AAPI"
2004008,"[HIV] Pop22019 - male patients in cohort 1 AAPI"
2005008,"[HIV] Pop22020 - male patients in cohort 1 AAPI"
2006008,"[HIV] Pop22021 - male patients in cohort 1 AAPI"
2007008,"[HIV] Pop22022 - male patients in cohort 1 AAPI"
2008008,"[HIV] Pop22023 - male patients in cohort 1 AAPI"
2001011,"[HIV] Pop22016 - female patients in cohort 2 Age 15 - 29"
2002011,"[HIV] Pop22017 - female patients in cohort 2 Age 15 - 29"
2003011,"[HIV] Pop22018 - female patients in cohort 2 Age 15 - 29"
2004011,"[HIV] Pop22019 - female patients in cohort 2 Age 15 - 29"
2005011,"[HIV] Pop22020 - female patients in cohort 2 Age 15 - 29"
2006011,"[HIV] Pop22021 - female patients in cohort 2 Age 15 - 29"
2007011,"[HIV] Pop22022 - female patients in cohort 2 Age 15 - 29"
2008011,"[HIV] Pop22023 - female patients in cohort 2 Age 15 - 29"
2001012,"[HIV] Pop22016 - female patients in cohort 2 Age 30 - 44"
2002012,"[HIV] Pop22017 - female patients in cohort 2 Age 30 - 44"
2003012,"[HIV] Pop22018 - female patients in cohort 2 Age 30 - 44"
2004012,"[HIV] Pop22019 - female patients in cohort 2 Age 30 - 44"
2005012,"[HIV] Pop22020 - female patients in cohort 2 Age 30 - 44"
2006012,"[HIV] Pop22021 - female patients in cohort 2 Age 30 - 44"
2007012,"[HIV] Pop22022 - female patients in cohort 2 Age 30 - 44"
2008012,"[HIV] Pop22023 - female patients in cohort 2 Age 30 - 44"
2001013,"[HIV] Pop22016 - female patients in cohort 2 Age 45 - 55"
2002013,"[HIV] Pop22017 - female patients in cohort 2 Age 45 - 55"
2003013,"[HIV] Pop22018 - female patients in cohort 2 Age 45 - 55"
2004013,"[HIV] Pop22019 - female patients in cohort 2 Age 45 - 55"
2005013,"[HIV] Pop22020 - female patients in cohort 2 Age 45 - 55"
2006013,"[HIV] Pop22021 - female patients in cohort 2 Age 45 - 55"
2007013,"[HIV] Pop22022 - female patients in cohort 2 Age 45 - 55"
2008013,"[HIV] Pop22023 - female patients in cohort 2 Age 45 - 55"
2001014,"[HIV] Pop22016 - female patients in cohort 2 Age 55+"
2002014,"[HIV] Pop22017 - female patients in cohort 2 Age 55+"
2003014,"[HIV] Pop22018 - female patients in cohort 2 Age 55+"
2004014,"[HIV] Pop22019 - female patients in cohort 2 Age 55+"
2005014,"[HIV] Pop22020 - female patients in cohort 2 Age 55+"
2006014,"[HIV] Pop22021 - female patients in cohort 2 Age 55+"
2007014,"[HIV] Pop22022 - female patients in cohort 2 Age 55+"
2008014,"[HIV] Pop22023 - female patients in cohort 2 Age 55+"
2001015,"[HIV] Pop22016 - female patients in cohort 1 NHW"
2002015,"[HIV] Pop22017 - female patients in cohort 1 NHW"
2003015,"[HIV] Pop22018 - female patients in cohort 1 NHW"
2004015,"[HIV] Pop22019 - female patients in cohort 1 NHW"
2005015,"[HIV] Pop22020 - female patients in cohort 1 NHW"
2006015,"[HIV] Pop22021 - female patients in cohort 1 NHW"
2007015,"[HIV] Pop22022 - female patients in cohort 1 NHW"
2008015,"[HIV] Pop22023 - female patients in cohort 1 NHW"
2001016,"[HIV] Pop22016 - female patients in cohort 1 NHB"
2002016,"[HIV] Pop22017 - female patients in cohort 1 NHB"
2003016,"[HIV] Pop22018 - female patients in cohort 1 NHB"
2004016,"[HIV] Pop22019 - female patients in cohort 1 NHB"
2005016,"[HIV] Pop22020 - female patients in cohort 1 NHB"
2006016,"[HIV] Pop22021 - female patients in cohort 1 NHB"
2007016,"[HIV] Pop22022 - female patients in cohort 1 NHB"
2008016,"[HIV] Pop22023 - female patients in cohort 1 NHB"
2001017,"[HIV] Pop22016 - female patients in cohort 1 Hispanic"
2002017,"[HIV] Pop22017 - female patients in cohort 1 Hispanic"
2003017,"[HIV] Pop22018 - female patients in cohort 1 Hispanic"
2004017,"[HIV] Pop22019 - female patients in cohort 1 Hispanic"
2005017,"[HIV] Pop22020 - female patients in cohort 1 Hispanic"
2006017,"[HIV] Pop22021 - female patients in cohort 1 Hispanic"
2007017,"[HIV] Pop22022 - female patients in cohort 1 Hispanic"
2008017,"[HIV] Pop22023 - female patients in cohort 1 Hispanic"
2001018,"[HIV] Pop22016 - female patients in cohort 1 AAPI"
2002018,"[HIV] Pop22017 - female patients in cohort 1 AAPI"
2003018,"[HIV] Pop22018 - female patients in cohort 1 AAPI"
2004018,"[HIV] Pop22019 - female patients in cohort 1 AAPI"
2005018,"[HIV] Pop22020 - female patients in cohort 1 AAPI"
2006018,"[HIV] Pop22021 - female patients in cohort 1 AAPI"
2007018,"[HIV] Pop22022 - female patients in cohort 1 AAPI"
2008018,"[HIV] Pop22023 - female patients in cohort 1 AAPI"
3001,"[HIV] Pop3Template2016"
3002,"[HIV] Pop3Template2017"
3003,"[HIV] Pop3Template2018"
3004,"[HIV] Pop3Template2019"
3005,"[HIV] Pop3Template2020"
3006,"[HIV] Pop3Template2021"
3007,"[HIV] Pop3Template2022"
3008,"[HIV] Pop3Template2023"
3009,"[HIV] Pop3Template2HR2016"
3010,"[HIV] Pop3Template2HR2017"
3011,"[HIV] Pop3Template2HR2018"
3012,"[HIV] Pop3Template2HR2019"
3013,"[HIV] Pop3Template2HR2020"
3014,"[HIV] Pop3Template2HR2021"
3015,"[HIV] Pop3Template2HR2022"
3016,"[HIV] Pop3Template2HR2023"
3017,"[HIV] Pop3Template2HRlookback2016"
3018,"[HIV] Pop3Template2HRlookback2017"
3019,"[HIV] Pop3Template2HRlookback2018"
3020,"[HIV] Pop3Template2HRlookback2019"
3021,"[HIV] Pop3Template2HRlookback2020"
3022,"[HIV] Pop3Template2HRlookback2021"
3023,"[HIV] Pop3Template2HRlookback2022"
3024,"[HIV] Pop3Template2HRlookback2023"
3025,"[HIV] Pop3Template3HR2016"
3026,"[HIV] Pop3Template3HR2017"
3027,"[HIV] Pop3Template3HR2018"
3028,"[HIV] Pop3Template3HR2019"
3029,"[HIV] Pop3Template3HR2020"
3030,"[HIV] Pop3Template3HR2021"
3031,"[HIV] Pop3Template3HR2022"
3032,"[HIV] Pop3Template3HR2023"
3033,"[HIV] Pop3Template3HRlookback2016"
3034,"[HIV] Pop3Template3HRlookback2017"
3035,"[HIV] Pop3Template3HRlookback2018"
3036,"[HIV] Pop3Template3HRlookback2019"
3037,"[HIV] Pop3Template3HRlookback2020"
3038,"[HIV] Pop3Template3HRlookback2021"
3039,"[HIV] Pop3Template3HRlookback2022"
3040,"[HIV] Pop3Template3HRlookback2023"
3041,"[HIV] Pop3TemplateAnySTI2016"
3042,"[HIV] Pop3TemplateAnySTI2017"
3043,"[HIV] Pop3TemplateAnySTI2018"
3044,"[HIV] Pop3TemplateAnySTI2019"
3045,"[HIV] Pop3TemplateAnySTI2020"
3046,"[HIV] Pop3TemplateAnySTI2021"
3047,"[HIV] Pop3TemplateAnySTI2022"
3048,"[HIV] Pop3TemplateAnySTI2023"
3049,"[HIV] Pop3TemplateAnySTIlookback2016"
3050,"[HIV] Pop3TemplateAnySTIlookback2017"
3051,"[HIV] Pop3TemplateAnySTIlookback2018"
3052,"[HIV] Pop3TemplateAnySTIlookback2019"
3053,"[HIV] Pop3TemplateAnySTIlookback2020"
3054,"[HIV] Pop3TemplateAnySTIlookback2021"
3055,"[HIV] Pop3TemplateAnySTIlookback2022"
3056,"[HIV] Pop3TemplateAnySTIlookback2023"
3057,"[HIV] Pop3TemplateChlamydia2016"
3058,"[HIV] Pop3TemplateChlamydia2017"
3059,"[HIV] Pop3TemplateChlamydia2018"
3060,"[HIV] Pop3TemplateChlamydia2019"
3061,"[HIV] Pop3TemplateChlamydia2020"
3062,"[HIV] Pop3TemplateChlamydia2021"
3063,"[HIV] Pop3TemplateChlamydia2022"
3064,"[HIV] Pop3TemplateChlamydia2023"
3065,"[HIV] Pop3TemplateGonnorrhoea2016"
3066,"[HIV] Pop3TemplateGonnorrhoea2017"
3067,"[HIV] Pop3TemplateGonnorrhoea2018"
3068,"[HIV] Pop3TemplateGonnorrhoea2019"
3069,"[HIV] Pop3TemplateGonnorrhoea2020"
3070,"[HIV] Pop3TemplateGonnorrhoea2021"
3071,"[HIV] Pop3TemplateGonnorrhoea2022"
3072,"[HIV] Pop3TemplateGonnorrhoea2023"
3073,"[HIV] Pop3TemplateHIVTest2016"
3074,"[HIV] Pop3TemplateHIVTest2017"
3075,"[HIV] Pop3TemplateHIVTest2018"
3076,"[HIV] Pop3TemplateHIVTest2019"
3077,"[HIV] Pop3TemplateHIVTest2020"
3078,"[HIV] Pop3TemplateHIVTest2021"
3079,"[HIV] Pop3TemplateHIVTest2022"
3080,"[HIV] Pop3TemplateHIVTest2023"
3081,"[HIV] Pop3TemplateHIVTestlookback2016"
3082,"[HIV] Pop3TemplateHIVTestlookback2017"
3083,"[HIV] Pop3TemplateHIVTestlookback2018"
3084,"[HIV] Pop3TemplateHIVTestlookback2019"
3085,"[HIV] Pop3TemplateHIVTestlookback2020"
3086,"[HIV] Pop3TemplateHIVTestlookback2021"
3087,"[HIV] Pop3TemplateHIVTestlookback2022"
3088,"[HIV] Pop3TemplateHIVTestlookback2023"
3089,"[HIV] Pop3TemplateHIVany2016"
3090,"[HIV] Pop3TemplateHIVany2017"
3091,"[HIV] Pop3TemplateHIVany2018"
3092,"[HIV] Pop3TemplateHIVany2019"
3093,"[HIV] Pop3TemplateHIVany2020"
3094,"[HIV] Pop3TemplateHIVany2021"
3095,"[HIV] Pop3TemplateHIVany2022"
3096,"[HIV] Pop3TemplateHIVany2023"
3097,"[HIV] Pop3TemplateHIVanylookback2016"
3098,"[HIV] Pop3TemplateHIVanylookback2017"
3099,"[HIV] Pop3TemplateHIVanylookback2018"
3100,"[HIV] Pop3TemplateHIVanylookback2019"
3101,"[HIV] Pop3TemplateHIVanylookback2020"
3102,"[HIV] Pop3TemplateHIVanylookback2021"
3103,"[HIV] Pop3TemplateHIVanylookback2022"
3104,"[HIV] Pop3TemplateHIVanylookback2023"
3105,"[HIV] Pop3TemplateOther2016"
3106,"[HIV] Pop3TemplateOther2017"
3107,"[HIV] Pop3TemplateOther2018"
3108,"[HIV] Pop3TemplateOther2019"
3109,"[HIV] Pop3TemplateOther2020"
3110,"[HIV] Pop3TemplateOther2021"
3111,"[HIV] Pop3TemplateOther2022"
3112,"[HIV] Pop3TemplateOther2023"
3113,"[HIV] Pop3TemplateOtherSTI2016"
3114,"[HIV] Pop3TemplateOtherSTI2017"
3115,"[HIV] Pop3TemplateOtherSTI2018"
3116,"[HIV] Pop3TemplateOtherSTI2019"
3117,"[HIV] Pop3TemplateOtherSTI2020"
3118,"[HIV] Pop3TemplateOtherSTI2021"
3119,"[HIV] Pop3TemplateOtherSTI2022"
3120,"[HIV] Pop3TemplateOtherSTI2023"
3121,"[HIV] Pop3TemplateOtherlookback2016"
3122,"[HIV] Pop3TemplateOtherlookback2017"
3123,"[HIV] Pop3TemplateOtherlookback2018"
3124,"[HIV] Pop3TemplateOtherlookback2019"
3125,"[HIV] Pop3TemplateOtherlookback2020"
3126,"[HIV] Pop3TemplateOtherlookback2021"
3127,"[HIV] Pop3TemplateOtherlookback2022"
3128,"[HIV] Pop3TemplateOtherlookback2023"
3129,"[HIV] Pop3TemplatePWID2016"
3130,"[HIV] Pop3TemplatePWID2017"
3131,"[HIV] Pop3TemplatePWID2018"
3132,"[HIV] Pop3TemplatePWID2019"
3133,"[HIV] Pop3TemplatePWID2020"
3134,"[HIV] Pop3TemplatePWID2021"
3135,"[HIV] Pop3TemplatePWID2022"
3136,"[HIV] Pop3TemplatePWID2023"
3137,"[HIV] Pop3TemplatePWIDlookback2016"
3138,"[HIV] Pop3TemplatePWIDlookback2017"
3139,"[HIV] Pop3TemplatePWIDlookback2018"
3140,"[HIV] Pop3TemplatePWIDlookback2019"
3141,"[HIV] Pop3TemplatePWIDlookback2020"
3142,"[HIV] Pop3TemplatePWIDlookback2021"
3143,"[HIV] Pop3TemplatePWIDlookback2022"
3144,"[HIV] Pop3TemplatePWIDlookback2023"
3145,"[HIV] Pop3TemplateSTIany2016"
3146,"[HIV] Pop3TemplateSTIany2017"
3147,"[HIV] Pop3TemplateSTIany2018"
3148,"[HIV] Pop3TemplateSTIany2019"
3149,"[HIV] Pop3TemplateSTIany2020"
3150,"[HIV] Pop3TemplateSTIany2021"
3151,"[HIV] Pop3TemplateSTIany2022"
3152,"[HIV] Pop3TemplateSTIany2023"
3153,"[HIV] Pop3TemplateSTIanylookback2016"
3154,"[HIV] Pop3TemplateSTIanylookback2017"
3155,"[HIV] Pop3TemplateSTIanylookback2018"
3156,"[HIV] Pop3TemplateSTIanylookback2019"
3157,"[HIV] Pop3TemplateSTIanylookback2020"
3158,"[HIV] Pop3TemplateSTIanylookback2021"
3159,"[HIV] Pop3TemplateSTIanylookback2022"
3160,"[HIV] Pop3TemplateSTIanylookback2023"
3161,"[HIV] Pop3TemplateSyph2016"
3162,"[HIV] Pop3TemplateSyph2017"
3163,"[HIV] Pop3TemplateSyph2018"
3164,"[HIV] Pop3TemplateSyph2019"
3165,"[HIV] Pop3TemplateSyph2020"
3166,"[HIV] Pop3TemplateSyph2021"
3167,"[HIV] Pop3TemplateSyph2022"
3168,"[HIV] Pop3TemplateSyph2023"
3169,"[HIV] Pop3TemplateTrichomoniasis2016"
3170,"[HIV] Pop3TemplateTrichomoniasis2017"
3171,"[HIV] Pop3TemplateTrichomoniasis2018"
3172,"[HIV] Pop3TemplateTrichomoniasis2019"
3173,"[HIV] Pop3TemplateTrichomoniasis2020"
3174,"[HIV] Pop3TemplateTrichomoniasis2021"
3175,"[HIV] Pop3TemplateTrichomoniasis2022"
3176,"[HIV] Pop3TemplateTrichomoniasis2023"
3177,"[HIV] Pop3Templatelookback2016"
3178,"[HIV] Pop3Templatelookback2017"
3179,"[HIV] Pop3Templatelookback2018"
3180,"[HIV] Pop3Templatelookback2019"
3181,"[HIV] Pop3Templatelookback2020"
3182,"[HIV] Pop3Templatelookback2021"
3183,"[HIV] Pop3Templatelookback2022"
3184,"[HIV] Pop3Templatelookback2023"
3001030,"[HIV] Pop3Template2016 - male patients in cohort 3 males"
3002030,"[HIV] Pop3Template2017 - male patients in cohort 3 males"
3003030,"[HIV] Pop3Template2018 - male patients in cohort 3 males"
3004030,"[HIV] Pop3Template2019 - male patients in cohort 3 males"
3005030,"[HIV] Pop3Template2020 - male patients in cohort 3 males"
3006030,"[HIV] Pop3Template2021 - male patients in cohort 3 males"
3007030,"[HIV] Pop3Template2022 - male patients in cohort 3 males"
3008030,"[HIV] Pop3Template2023 - male patients in cohort 3 males"
3009030,"[HIV] Pop3Template2HR2016 - male patients in cohort 3 males"
3010030,"[HIV] Pop3Template2HR2017 - male patients in cohort 3 males"
3011030,"[HIV] Pop3Template2HR2018 - male patients in cohort 3 males"
3012030,"[HIV] Pop3Template2HR2019 - male patients in cohort 3 males"
3013030,"[HIV] Pop3Template2HR2020 - male patients in cohort 3 males"
3014030,"[HIV] Pop3Template2HR2021 - male patients in cohort 3 males"
3015030,"[HIV] Pop3Template2HR2022 - male patients in cohort 3 males"
3016030,"[HIV] Pop3Template2HR2023 - male patients in cohort 3 males"
3017030,"[HIV] Pop3Template2HRlookback2016 - male patients in cohort 3 males"
3018030,"[HIV] Pop3Template2HRlookback2017 - male patients in cohort 3 males"
3019030,"[HIV] Pop3Template2HRlookback2018 - male patients in cohort 3 males"
3020030,"[HIV] Pop3Template2HRlookback2019 - male patients in cohort 3 males"
3021030,"[HIV] Pop3Template2HRlookback2020 - male patients in cohort 3 males"
3022030,"[HIV] Pop3Template2HRlookback2021 - male patients in cohort 3 males"
3023030,"[HIV] Pop3Template2HRlookback2022 - male patients in cohort 3 males"
3024030,"[HIV] Pop3Template2HRlookback2023 - male patients in cohort 3 males"
3025030,"[HIV] Pop3Template3HR2016 - male patients in cohort 3 males"
3026030,"[HIV] Pop3Template3HR2017 - male patients in cohort 3 males"
3027030,"[HIV] Pop3Template3HR2018 - male patients in cohort 3 males"
3028030,"[HIV] Pop3Template3HR2019 - male patients in cohort 3 males"
3029030,"[HIV] Pop3Template3HR2020 - male patients in cohort 3 males"
3030030,"[HIV] Pop3Template3HR2021 - male patients in cohort 3 males"
3031030,"[HIV] Pop3Template3HR2022 - male patients in cohort 3 males"
3032030,"[HIV] Pop3Template3HR2023 - male patients in cohort 3 males"
3033030,"[HIV] Pop3Template3HRlookback2016 - male patients in cohort 3 males"
3034030,"[HIV] Pop3Template3HRlookback2017 - male patients in cohort 3 males"
3035030,"[HIV] Pop3Template3HRlookback2018 - male patients in cohort 3 males"
3036030,"[HIV] Pop3Template3HRlookback2019 - male patients in cohort 3 males"
3037030,"[HIV] Pop3Template3HRlookback2020 - male patients in cohort 3 males"
3038030,"[HIV] Pop3Template3HRlookback2021 - male patients in cohort 3 males"
3039030,"[HIV] Pop3Template3HRlookback2022 - male patients in cohort 3 males"
3040030,"[HIV] Pop3Template3HRlookback2023 - male patients in cohort 3 males"
3041030,"[HIV] Pop3TemplateAnySTI2016 - male patients in cohort 3 males"
3042030,"[HIV] Pop3TemplateAnySTI2017 - male patients in cohort 3 males"
3043030,"[HIV] Pop3TemplateAnySTI2018 - male patients in cohort 3 males"
3044030,"[HIV] Pop3TemplateAnySTI2019 - male patients in cohort 3 males"
3045030,"[HIV] Pop3TemplateAnySTI2020 - male patients in cohort 3 males"
3046030,"[HIV] Pop3TemplateAnySTI2021 - male patients in cohort 3 males"
3047030,"[HIV] Pop3TemplateAnySTI2022 - male patients in cohort 3 males"
3048030,"[HIV] Pop3TemplateAnySTI2023 - male patients in cohort 3 males"
3049030,"[HIV] Pop3TemplateAnySTIlookback2016 - male patients in cohort 3 males"
3050030,"[HIV] Pop3TemplateAnySTIlookback2017 - male patients in cohort 3 males"
3051030,"[HIV] Pop3TemplateAnySTIlookback2018 - male patients in cohort 3 males"
3052030,"[HIV] Pop3TemplateAnySTIlookback2019 - male patients in cohort 3 males"
3053030,"[HIV] Pop3TemplateAnySTIlookback2020 - male patients in cohort 3 males"
3054030,"[HIV] Pop3TemplateAnySTIlookback2021 - male patients in cohort 3 males"
3055030,"[HIV] Pop3TemplateAnySTIlookback2022 - male patients in cohort 3 males"
3056030,"[HIV] Pop3TemplateAnySTIlookback2023 - male patients in cohort 3 males"
3057030,"[HIV] Pop3TemplateChlamydia2016 - male patients in cohort 3 males"
3058030,"[HIV] Pop3TemplateChlamydia2017 - male patients in cohort 3 males"
3059030,"[HIV] Pop3TemplateChlamydia2018 - male patients in cohort 3 males"
3060030,"[HIV] Pop3TemplateChlamydia2019 - male patients in cohort 3 males"
3061030,"[HIV] Pop3TemplateChlamydia2020 - male patients in cohort 3 males"
3062030,"[HIV] Pop3TemplateChlamydia2021 - male patients in cohort 3 males"
3063030,"[HIV] Pop3TemplateChlamydia2022 - male patients in cohort 3 males"
3064030,"[HIV] Pop3TemplateChlamydia2023 - male patients in cohort 3 males"
3065030,"[HIV] Pop3TemplateGonnorrhoea2016 - male patients in cohort 3 males"
3066030,"[HIV] Pop3TemplateGonnorrhoea2017 - male patients in cohort 3 males"
3067030,"[HIV] Pop3TemplateGonnorrhoea2018 - male patients in cohort 3 males"
3068030,"[HIV] Pop3TemplateGonnorrhoea2019 - male patients in cohort 3 males"
3069030,"[HIV] Pop3TemplateGonnorrhoea2020 - male patients in cohort 3 males"
3070030,"[HIV] Pop3TemplateGonnorrhoea2021 - male patients in cohort 3 males"
3071030,"[HIV] Pop3TemplateGonnorrhoea2022 - male patients in cohort 3 males"
3072030,"[HIV] Pop3TemplateGonnorrhoea2023 - male patients in cohort 3 males"
3073030,"[HIV] Pop3TemplateHIVTest2016 - male patients in cohort 3 males"
3074030,"[HIV] Pop3TemplateHIVTest2017 - male patients in cohort 3 males"
3075030,"[HIV] Pop3TemplateHIVTest2018 - male patients in cohort 3 males"
3076030,"[HIV] Pop3TemplateHIVTest2019 - male patients in cohort 3 males"
3077030,"[HIV] Pop3TemplateHIVTest2020 - male patients in cohort 3 males"
3078030,"[HIV] Pop3TemplateHIVTest2021 - male patients in cohort 3 males"
3079030,"[HIV] Pop3TemplateHIVTest2022 - male patients in cohort 3 males"
3080030,"[HIV] Pop3TemplateHIVTest2023 - male patients in cohort 3 males"
3081030,"[HIV] Pop3TemplateHIVTestlookback2016 - male patients in cohort 3 males"
3082030,"[HIV] Pop3TemplateHIVTestlookback2017 - male patients in cohort 3 males"
3083030,"[HIV] Pop3TemplateHIVTestlookback2018 - male patients in cohort 3 males"
3084030,"[HIV] Pop3TemplateHIVTestlookback2019 - male patients in cohort 3 males"
3085030,"[HIV] Pop3TemplateHIVTestlookback2020 - male patients in cohort 3 males"
3086030,"[HIV] Pop3TemplateHIVTestlookback2021 - male patients in cohort 3 males"
3087030,"[HIV] Pop3TemplateHIVTestlookback2022 - male patients in cohort 3 males"
3088030,"[HIV] Pop3TemplateHIVTestlookback2023 - male patients in cohort 3 males"
3089030,"[HIV] Pop3TemplateHIVany2016 - male patients in cohort 3 males"
3090030,"[HIV] Pop3TemplateHIVany2017 - male patients in cohort 3 males"
3091030,"[HIV] Pop3TemplateHIVany2018 - male patients in cohort 3 males"
3092030,"[HIV] Pop3TemplateHIVany2019 - male patients in cohort 3 males"
3093030,"[HIV] Pop3TemplateHIVany2020 - male patients in cohort 3 males"
3094030,"[HIV] Pop3TemplateHIVany2021 - male patients in cohort 3 males"
3095030,"[HIV] Pop3TemplateHIVany2022 - male patients in cohort 3 males"
3096030,"[HIV] Pop3TemplateHIVany2023 - male patients in cohort 3 males"
3097030,"[HIV] Pop3TemplateHIVanylookback2016 - male patients in cohort 3 males"
3098030,"[HIV] Pop3TemplateHIVanylookback2017 - male patients in cohort 3 males"
3099030,"[HIV] Pop3TemplateHIVanylookback2018 - male patients in cohort 3 males"
3100030,"[HIV] Pop3TemplateHIVanylookback2019 - male patients in cohort 3 males"
3101030,"[HIV] Pop3TemplateHIVanylookback2020 - male patients in cohort 3 males"
3102030,"[HIV] Pop3TemplateHIVanylookback2021 - male patients in cohort 3 males"
3103030,"[HIV] Pop3TemplateHIVanylookback2022 - male patients in cohort 3 males"
3104030,"[HIV] Pop3TemplateHIVanylookback2023 - male patients in cohort 3 males"
3105030,"[HIV] Pop3TemplateOther2016 - male patients in cohort 3 males"
3106030,"[HIV] Pop3TemplateOther2017 - male patients in cohort 3 males"
3107030,"[HIV] Pop3TemplateOther2018 - male patients in cohort 3 males"
3108030,"[HIV] Pop3TemplateOther2019 - male patients in cohort 3 males"
3109030,"[HIV] Pop3TemplateOther2020 - male patients in cohort 3 males"
3110030,"[HIV] Pop3TemplateOther2021 - male patients in cohort 3 males"
3111030,"[HIV] Pop3TemplateOther2022 - male patients in cohort 3 males"
3112030,"[HIV] Pop3TemplateOther2023 - male patients in cohort 3 males"
3113030,"[HIV] Pop3TemplateOtherSTI2016 - male patients in cohort 3 males"
3114030,"[HIV] Pop3TemplateOtherSTI2017 - male patients in cohort 3 males"
3115030,"[HIV] Pop3TemplateOtherSTI2018 - male patients in cohort 3 males"
3116030,"[HIV] Pop3TemplateOtherSTI2019 - male patients in cohort 3 males"
3117030,"[HIV] Pop3TemplateOtherSTI2020 - male patients in cohort 3 males"
3118030,"[HIV] Pop3TemplateOtherSTI2021 - male patients in cohort 3 males"
3119030,"[HIV] Pop3TemplateOtherSTI2022 - male patients in cohort 3 males"
3120030,"[HIV] Pop3TemplateOtherSTI2023 - male patients in cohort 3 males"
3121030,"[HIV] Pop3TemplateOtherlookback2016 - male patients in cohort 3 males"
3122030,"[HIV] Pop3TemplateOtherlookback2017 - male patients in cohort 3 males"
3123030,"[HIV] Pop3TemplateOtherlookback2018 - male patients in cohort 3 males"
3124030,"[HIV] Pop3TemplateOtherlookback2019 - male patients in cohort 3 males"
3125030,"[HIV] Pop3TemplateOtherlookback2020 - male patients in cohort 3 males"
3126030,"[HIV] Pop3TemplateOtherlookback2021 - male patients in cohort 3 males"
3127030,"[HIV] Pop3TemplateOtherlookback2022 - male patients in cohort 3 males"
3128030,"[HIV] Pop3TemplateOtherlookback2023 - male patients in cohort 3 males"
3129030,"[HIV] Pop3TemplatePWID2016 - male patients in cohort 3 males"
3130030,"[HIV] Pop3TemplatePWID2017 - male patients in cohort 3 males"
3131030,"[HIV] Pop3TemplatePWID2018 - male patients in cohort 3 males"
3132030,"[HIV] Pop3TemplatePWID2019 - male patients in cohort 3 males"
3133030,"[HIV] Pop3TemplatePWID2020 - male patients in cohort 3 males"
3134030,"[HIV] Pop3TemplatePWID2021 - male patients in cohort 3 males"
3135030,"[HIV] Pop3TemplatePWID2022 - male patients in cohort 3 males"
3136030,"[HIV] Pop3TemplatePWID2023 - male patients in cohort 3 males"
3137030,"[HIV] Pop3TemplatePWIDlookback2016 - male patients in cohort 3 males"
3138030,"[HIV] Pop3TemplatePWIDlookback2017 - male patients in cohort 3 males"
3139030,"[HIV] Pop3TemplatePWIDlookback2018 - male patients in cohort 3 males"
3140030,"[HIV] Pop3TemplatePWIDlookback2019 - male patients in cohort 3 males"
3141030,"[HIV] Pop3TemplatePWIDlookback2020 - male patients in cohort 3 males"
3142030,"[HIV] Pop3TemplatePWIDlookback2021 - male patients in cohort 3 males"
3143030,"[HIV] Pop3TemplatePWIDlookback2022 - male patients in cohort 3 males"
3144030,"[HIV] Pop3TemplatePWIDlookback2023 - male patients in cohort 3 males"
3145030,"[HIV] Pop3TemplateSTIany2016 - male patients in cohort 3 males"
3146030,"[HIV] Pop3TemplateSTIany2017 - male patients in cohort 3 males"
3147030,"[HIV] Pop3TemplateSTIany2018 - male patients in cohort 3 males"
3148030,"[HIV] Pop3TemplateSTIany2019 - male patients in cohort 3 males"
3149030,"[HIV] Pop3TemplateSTIany2020 - male patients in cohort 3 males"
3150030,"[HIV] Pop3TemplateSTIany2021 - male patients in cohort 3 males"
3151030,"[HIV] Pop3TemplateSTIany2022 - male patients in cohort 3 males"
3152030,"[HIV] Pop3TemplateSTIany2023 - male patients in cohort 3 males"
3153030,"[HIV] Pop3TemplateSTIanylookback2016 - male patients in cohort 3 males"
3154030,"[HIV] Pop3TemplateSTIanylookback2017 - male patients in cohort 3 males"
3155030,"[HIV] Pop3TemplateSTIanylookback2018 - male patients in cohort 3 males"
3156030,"[HIV] Pop3TemplateSTIanylookback2019 - male patients in cohort 3 males"
3157030,"[HIV] Pop3TemplateSTIanylookback2020 - male patients in cohort 3 males"
3158030,"[HIV] Pop3TemplateSTIanylookback2021 - male patients in cohort 3 males"
3159030,"[HIV] Pop3TemplateSTIanylookback2022 - male patients in cohort 3 males"
3160030,"[HIV] Pop3TemplateSTIanylookback2023 - male patients in cohort 3 males"
3161030,"[HIV] Pop3TemplateSyph2016 - male patients in cohort 3 males"
3162030,"[HIV] Pop3TemplateSyph2017 - male patients in cohort 3 males"
3163030,"[HIV] Pop3TemplateSyph2018 - male patients in cohort 3 males"
3164030,"[HIV] Pop3TemplateSyph2019 - male patients in cohort 3 males"
3165030,"[HIV] Pop3TemplateSyph2020 - male patients in cohort 3 males"
3166030,"[HIV] Pop3TemplateSyph2021 - male patients in cohort 3 males"
3167030,"[HIV] Pop3TemplateSyph2022 - male patients in cohort 3 males"
3168030,"[HIV] Pop3TemplateSyph2023 - male patients in cohort 3 males"
3169030,"[HIV] Pop3TemplateTrichomoniasis2016 - male patients in cohort 3 males"
3170030,"[HIV] Pop3TemplateTrichomoniasis2017 - male patients in cohort 3 males"
3171030,"[HIV] Pop3TemplateTrichomoniasis2018 - male patients in cohort 3 males"
3172030,"[HIV] Pop3TemplateTrichomoniasis2019 - male patients in cohort 3 males"
3173030,"[HIV] Pop3TemplateTrichomoniasis2020 - male patients in cohort 3 males"
3174030,"[HIV] Pop3TemplateTrichomoniasis2021 - male patients in cohort 3 males"
3175030,"[HIV] Pop3TemplateTrichomoniasis2022 - male patients in cohort 3 males"
3176030,"[HIV] Pop3TemplateTrichomoniasis2023 - male patients in cohort 3 males"
3177030,"[HIV] Pop3Templatelookback2016 - male patients in cohort 3 males"
3178030,"[HIV] Pop3Templatelookback2017 - male patients in cohort 3 males"
3179030,"[HIV] Pop3Templatelookback2018 - male patients in cohort 3 males"
3180030,"[HIV] Pop3Templatelookback2019 - male patients in cohort 3 males"
3181030,"[HIV] Pop3Templatelookback2020 - male patients in cohort 3 males"
3182030,"[HIV] Pop3Templatelookback2021 - male patients in cohort 3 males"
3183030,"[HIV] Pop3Templatelookback2022 - male patients in cohort 3 males"
3184030,"[HIV] Pop3Templatelookback2023 - male patients in cohort 3 males"
3001040,"[HIV] Pop3Template2016 - female patients in cohort 3 females"
3002040,"[HIV] Pop3Template2017 - female patients in cohort 3 females"
3003040,"[HIV] Pop3Template2018 - female patients in cohort 3 females"
3004040,"[HIV] Pop3Template2019 - female patients in cohort 3 females"
3005040,"[HIV] Pop3Template2020 - female patients in cohort 3 females"
3006040,"[HIV] Pop3Template2021 - female patients in cohort 3 females"
3007040,"[HIV] Pop3Template2022 - female patients in cohort 3 females"
3008040,"[HIV] Pop3Template2023 - female patients in cohort 3 females"
3009040,"[HIV] Pop3Template2HR2016 - female patients in cohort 3 females"
3010040,"[HIV] Pop3Template2HR2017 - female patients in cohort 3 females"
3011040,"[HIV] Pop3Template2HR2018 - female patients in cohort 3 females"
3012040,"[HIV] Pop3Template2HR2019 - female patients in cohort 3 females"
3013040,"[HIV] Pop3Template2HR2020 - female patients in cohort 3 females"
3014040,"[HIV] Pop3Template2HR2021 - female patients in cohort 3 females"
3015040,"[HIV] Pop3Template2HR2022 - female patients in cohort 3 females"
3016040,"[HIV] Pop3Template2HR2023 - female patients in cohort 3 females"
3017040,"[HIV] Pop3Template2HRlookback2016 - female patients in cohort 3 females"
3018040,"[HIV] Pop3Template2HRlookback2017 - female patients in cohort 3 females"
3019040,"[HIV] Pop3Template2HRlookback2018 - female patients in cohort 3 females"
3020040,"[HIV] Pop3Template2HRlookback2019 - female patients in cohort 3 females"
3021040,"[HIV] Pop3Template2HRlookback2020 - female patients in cohort 3 females"
3022040,"[HIV] Pop3Template2HRlookback2021 - female patients in cohort 3 females"
3023040,"[HIV] Pop3Template2HRlookback2022 - female patients in cohort 3 females"
3024040,"[HIV] Pop3Template2HRlookback2023 - female patients in cohort 3 females"
3025040,"[HIV] Pop3Template3HR2016 - female patients in cohort 3 females"
3026040,"[HIV] Pop3Template3HR2017 - female patients in cohort 3 females"
3027040,"[HIV] Pop3Template3HR2018 - female patients in cohort 3 females"
3028040,"[HIV] Pop3Template3HR2019 - female patients in cohort 3 females"
3029040,"[HIV] Pop3Template3HR2020 - female patients in cohort 3 females"
3030040,"[HIV] Pop3Template3HR2021 - female patients in cohort 3 females"
3031040,"[HIV] Pop3Template3HR2022 - female patients in cohort 3 females"
3032040,"[HIV] Pop3Template3HR2023 - female patients in cohort 3 females"
3033040,"[HIV] Pop3Template3HRlookback2016 - female patients in cohort 3 females"
3034040,"[HIV] Pop3Template3HRlookback2017 - female patients in cohort 3 females"
3035040,"[HIV] Pop3Template3HRlookback2018 - female patients in cohort 3 females"
3036040,"[HIV] Pop3Template3HRlookback2019 - female patients in cohort 3 females"
3037040,"[HIV] Pop3Template3HRlookback2020 - female patients in cohort 3 females"
3038040,"[HIV] Pop3Template3HRlookback2021 - female patients in cohort 3 females"
3039040,"[HIV] Pop3Template3HRlookback2022 - female patients in cohort 3 females"
3040040,"[HIV] Pop3Template3HRlookback2023 - female patients in cohort 3 females"
3041040,"[HIV] Pop3TemplateAnySTI2016 - female patients in cohort 3 females"
3042040,"[HIV] Pop3TemplateAnySTI2017 - female patients in cohort 3 females"
3043040,"[HIV] Pop3TemplateAnySTI2018 - female patients in cohort 3 females"
3044040,"[HIV] Pop3TemplateAnySTI2019 - female patients in cohort 3 females"
3045040,"[HIV] Pop3TemplateAnySTI2020 - female patients in cohort 3 females"
3046040,"[HIV] Pop3TemplateAnySTI2021 - female patients in cohort 3 females"
3047040,"[HIV] Pop3TemplateAnySTI2022 - female patients in cohort 3 females"
3048040,"[HIV] Pop3TemplateAnySTI2023 - female patients in cohort 3 females"
3049040,"[HIV] Pop3TemplateAnySTIlookback2016 - female patients in cohort 3 females"
3050040,"[HIV] Pop3TemplateAnySTIlookback2017 - female patients in cohort 3 females"
3051040,"[HIV] Pop3TemplateAnySTIlookback2018 - female patients in cohort 3 females"
3052040,"[HIV] Pop3TemplateAnySTIlookback2019 - female patients in cohort 3 females"
3053040,"[HIV] Pop3TemplateAnySTIlookback2020 - female patients in cohort 3 females"
3054040,"[HIV] Pop3TemplateAnySTIlookback2021 - female patients in cohort 3 females"
3055040,"[HIV] Pop3TemplateAnySTIlookback2022 - female patients in cohort 3 females"
3056040,"[HIV] Pop3TemplateAnySTIlookback2023 - female patients in cohort 3 females"
3057040,"[HIV] Pop3TemplateChlamydia2016 - female patients in cohort 3 females"
3058040,"[HIV] Pop3TemplateChlamydia2017 - female patients in cohort 3 females"
3059040,"[HIV] Pop3TemplateChlamydia2018 - female patients in cohort 3 females"
3060040,"[HIV] Pop3TemplateChlamydia2019 - female patients in cohort 3 females"
3061040,"[HIV] Pop3TemplateChlamydia2020 - female patients in cohort 3 females"
3062040,"[HIV] Pop3TemplateChlamydia2021 - female patients in cohort 3 females"
3063040,"[HIV] Pop3TemplateChlamydia2022 - female patients in cohort 3 females"
3064040,"[HIV] Pop3TemplateChlamydia2023 - female patients in cohort 3 females"
3065040,"[HIV] Pop3TemplateGonnorrhoea2016 - female patients in cohort 3 females"
3066040,"[HIV] Pop3TemplateGonnorrhoea2017 - female patients in cohort 3 females"
3067040,"[HIV] Pop3TemplateGonnorrhoea2018 - female patients in cohort 3 females"
3068040,"[HIV] Pop3TemplateGonnorrhoea2019 - female patients in cohort 3 females"
3069040,"[HIV] Pop3TemplateGonnorrhoea2020 - female patients in cohort 3 females"
3070040,"[HIV] Pop3TemplateGonnorrhoea2021 - female patients in cohort 3 females"
3071040,"[HIV] Pop3TemplateGonnorrhoea2022 - female patients in cohort 3 females"
3072040,"[HIV] Pop3TemplateGonnorrhoea2023 - female patients in cohort 3 females"
3073040,"[HIV] Pop3TemplateHIVTest2016 - female patients in cohort 3 females"
3074040,"[HIV] Pop3TemplateHIVTest2017 - female patients in cohort 3 females"
3075040,"[HIV] Pop3TemplateHIVTest2018 - female patients in cohort 3 females"
3076040,"[HIV] Pop3TemplateHIVTest2019 - female patients in cohort 3 females"
3077040,"[HIV] Pop3TemplateHIVTest2020 - female patients in cohort 3 females"
3078040,"[HIV] Pop3TemplateHIVTest2021 - female patients in cohort 3 females"
3079040,"[HIV] Pop3TemplateHIVTest2022 - female patients in cohort 3 females"
3080040,"[HIV] Pop3TemplateHIVTest2023 - female patients in cohort 3 females"
3081040,"[HIV] Pop3TemplateHIVTestlookback2016 - female patients in cohort 3 females"
3082040,"[HIV] Pop3TemplateHIVTestlookback2017 - female patients in cohort 3 females"
3083040,"[HIV] Pop3TemplateHIVTestlookback2018 - female patients in cohort 3 females"
3084040,"[HIV] Pop3TemplateHIVTestlookback2019 - female patients in cohort 3 females"
3085040,"[HIV] Pop3TemplateHIVTestlookback2020 - female patients in cohort 3 females"
3086040,"[HIV] Pop3TemplateHIVTestlookback2021 - female patients in cohort 3 females"
3087040,"[HIV] Pop3TemplateHIVTestlookback2022 - female patients in cohort 3 females"
3088040,"[HIV] Pop3TemplateHIVTestlookback2023 - female patients in cohort 3 females"
3089040,"[HIV] Pop3TemplateHIVany2016 - female patients in cohort 3 females"
3090040,"[HIV] Pop3TemplateHIVany2017 - female patients in cohort 3 females"
3091040,"[HIV] Pop3TemplateHIVany2018 - female patients in cohort 3 females"
3092040,"[HIV] Pop3TemplateHIVany2019 - female patients in cohort 3 females"
3093040,"[HIV] Pop3TemplateHIVany2020 - female patients in cohort 3 females"
3094040,"[HIV] Pop3TemplateHIVany2021 - female patients in cohort 3 females"
3095040,"[HIV] Pop3TemplateHIVany2022 - female patients in cohort 3 females"
3096040,"[HIV] Pop3TemplateHIVany2023 - female patients in cohort 3 females"
3097040,"[HIV] Pop3TemplateHIVanylookback2016 - female patients in cohort 3 females"
3098040,"[HIV] Pop3TemplateHIVanylookback2017 - female patients in cohort 3 females"
3099040,"[HIV] Pop3TemplateHIVanylookback2018 - female patients in cohort 3 females"
3100040,"[HIV] Pop3TemplateHIVanylookback2019 - female patients in cohort 3 females"
3101040,"[HIV] Pop3TemplateHIVanylookback2020 - female patients in cohort 3 females"
3102040,"[HIV] Pop3TemplateHIVanylookback2021 - female patients in cohort 3 females"
3103040,"[HIV] Pop3TemplateHIVanylookback2022 - female patients in cohort 3 females"
3104040,"[HIV] Pop3TemplateHIVanylookback2023 - female patients in cohort 3 females"
3105040,"[HIV] Pop3TemplateOther2016 - female patients in cohort 3 females"
3106040,"[HIV] Pop3TemplateOther2017 - female patients in cohort 3 females"
3107040,"[HIV] Pop3TemplateOther2018 - female patients in cohort 3 females"
3108040,"[HIV] Pop3TemplateOther2019 - female patients in cohort 3 females"
3109040,"[HIV] Pop3TemplateOther2020 - female patients in cohort 3 females"
3110040,"[HIV] Pop3TemplateOther2021 - female patients in cohort 3 females"
3111040,"[HIV] Pop3TemplateOther2022 - female patients in cohort 3 females"
3112040,"[HIV] Pop3TemplateOther2023 - female patients in cohort 3 females"
3113040,"[HIV] Pop3TemplateOtherSTI2016 - female patients in cohort 3 females"
3114040,"[HIV] Pop3TemplateOtherSTI2017 - female patients in cohort 3 females"
3115040,"[HIV] Pop3TemplateOtherSTI2018 - female patients in cohort 3 females"
3116040,"[HIV] Pop3TemplateOtherSTI2019 - female patients in cohort 3 females"
3117040,"[HIV] Pop3TemplateOtherSTI2020 - female patients in cohort 3 females"
3118040,"[HIV] Pop3TemplateOtherSTI2021 - female patients in cohort 3 females"
3119040,"[HIV] Pop3TemplateOtherSTI2022 - female patients in cohort 3 females"
3120040,"[HIV] Pop3TemplateOtherSTI2023 - female patients in cohort 3 females"
3121040,"[HIV] Pop3TemplateOtherlookback2016 - female patients in cohort 3 females"
3122040,"[HIV] Pop3TemplateOtherlookback2017 - female patients in cohort 3 females"
3123040,"[HIV] Pop3TemplateOtherlookback2018 - female patients in cohort 3 females"
3124040,"[HIV] Pop3TemplateOtherlookback2019 - female patients in cohort 3 females"
3125040,"[HIV] Pop3TemplateOtherlookback2020 - female patients in cohort 3 females"
3126040,"[HIV] Pop3TemplateOtherlookback2021 - female patients in cohort 3 females"
3127040,"[HIV] Pop3TemplateOtherlookback2022 - female patients in cohort 3 females"
3128040,"[HIV] Pop3TemplateOtherlookback2023 - female patients in cohort 3 females"
3129040,"[HIV] Pop3TemplatePWID2016 - female patients in cohort 3 females"
3130040,"[HIV] Pop3TemplatePWID2017 - female patients in cohort 3 females"
3131040,"[HIV] Pop3TemplatePWID2018 - female patients in cohort 3 females"
3132040,"[HIV] Pop3TemplatePWID2019 - female patients in cohort 3 females"
3133040,"[HIV] Pop3TemplatePWID2020 - female patients in cohort 3 females"
3134040,"[HIV] Pop3TemplatePWID2021 - female patients in cohort 3 females"
3135040,"[HIV] Pop3TemplatePWID2022 - female patients in cohort 3 females"
3136040,"[HIV] Pop3TemplatePWID2023 - female patients in cohort 3 females"
3137040,"[HIV] Pop3TemplatePWIDlookback2016 - female patients in cohort 3 females"
3138040,"[HIV] Pop3TemplatePWIDlookback2017 - female patients in cohort 3 females"
3139040,"[HIV] Pop3TemplatePWIDlookback2018 - female patients in cohort 3 females"
3140040,"[HIV] Pop3TemplatePWIDlookback2019 - female patients in cohort 3 females"
3141040,"[HIV] Pop3TemplatePWIDlookback2020 - female patients in cohort 3 females"
3142040,"[HIV] Pop3TemplatePWIDlookback2021 - female patients in cohort 3 females"
3143040,"[HIV] Pop3TemplatePWIDlookback2022 - female patients in cohort 3 females"
3144040,"[HIV] Pop3TemplatePWIDlookback2023 - female patients in cohort 3 females"
3145040,"[HIV] Pop3TemplateSTIany2016 - female patients in cohort 3 females"
3146040,"[HIV] Pop3TemplateSTIany2017 - female patients in cohort 3 females"
3147040,"[HIV] Pop3TemplateSTIany2018 - female patients in cohort 3 females"
3148040,"[HIV] Pop3TemplateSTIany2019 - female patients in cohort 3 females"
3149040,"[HIV] Pop3TemplateSTIany2020 - female patients in cohort 3 females"
3150040,"[HIV] Pop3TemplateSTIany2021 - female patients in cohort 3 females"
3151040,"[HIV] Pop3TemplateSTIany2022 - female patients in cohort 3 females"
3152040,"[HIV] Pop3TemplateSTIany2023 - female patients in cohort 3 females"
3153040,"[HIV] Pop3TemplateSTIanylookback2016 - female patients in cohort 3 females"
3154040,"[HIV] Pop3TemplateSTIanylookback2017 - female patients in cohort 3 females"
3155040,"[HIV] Pop3TemplateSTIanylookback2018 - female patients in cohort 3 females"
3156040,"[HIV] Pop3TemplateSTIanylookback2019 - female patients in cohort 3 females"
3157040,"[HIV] Pop3TemplateSTIanylookback2020 - female patients in cohort 3 females"
3158040,"[HIV] Pop3TemplateSTIanylookback2021 - female patients in cohort 3 females"
3159040,"[HIV] Pop3TemplateSTIanylookback2022 - female patients in cohort 3 females"
3160040,"[HIV] Pop3TemplateSTIanylookback2023 - female patients in cohort 3 females"
3161040,"[HIV] Pop3TemplateSyph2016 - female patients in cohort 3 females"
3162040,"[HIV] Pop3TemplateSyph2017 - female patients in cohort 3 females"
3163040,"[HIV] Pop3TemplateSyph2018 - female patients in cohort 3 females"
3164040,"[HIV] Pop3TemplateSyph2019 - female patients in cohort 3 females"
3165040,"[HIV] Pop3TemplateSyph2020 - female patients in cohort 3 females"
3166040,"[HIV] Pop3TemplateSyph2021 - female patients in cohort 3 females"
3167040,"[HIV] Pop3TemplateSyph2022 - female patients in cohort 3 females"
3168040,"[HIV] Pop3TemplateSyph2023 - female patients in cohort 3 females"
3169040,"[HIV] Pop3TemplateTrichomoniasis2016 - female patients in cohort 3 females"
3170040,"[HIV] Pop3TemplateTrichomoniasis2017 - female patients in cohort 3 females"
3171040,"[HIV] Pop3TemplateTrichomoniasis2018 - female patients in cohort 3 females"
3172040,"[HIV] Pop3TemplateTrichomoniasis2019 - female patients in cohort 3 females"
3173040,"[HIV] Pop3TemplateTrichomoniasis2020 - female patients in cohort 3 females"
3174040,"[HIV] Pop3TemplateTrichomoniasis2021 - female patients in cohort 3 females"
3175040,"[HIV] Pop3TemplateTrichomoniasis2022 - female patients in cohort 3 females"
3176040,"[HIV] Pop3TemplateTrichomoniasis2023 - female patients in cohort 3 females"
3177040,"[HIV] Pop3Templatelookback2016 - female patients in cohort 3 females"
3178040,"[HIV] Pop3Templatelookback2017 - female patients in cohort 3 females"
3179040,"[HIV] Pop3Templatelookback2018 - female patients in cohort 3 females"
3180040,"[HIV] Pop3Templatelookback2019 - female patients in cohort 3 females"
3181040,"[HIV] Pop3Templatelookback2020 - female patients in cohort 3 females"
3182040,"[HIV] Pop3Templatelookback2021 - female patients in cohort 3 females"
3183040,"[HIV] Pop3Templatelookback2022 - female patients in cohort 3 females"
3184040,"[HIV] Pop3Templatelookback2023 - female patients in cohort 3 females"
3001,"[HIV] Pop3Template2016"
3002,"[HIV] Pop3Template2017"
3003,"[HIV] Pop3Template2018"
3004,"[HIV] Pop3Template2019"
3005,"[HIV] Pop3Template2020"
3006,"[HIV] Pop3Template2021"
3007,"[HIV] Pop3Template2022"
3008,"[HIV] Pop3Template2023"
3001001,"[HIV] Pop3Template2016 - male patients in cohort 3 Age 15 - 29"
3002001,"[HIV] Pop3Template2017 - male patients in cohort 3 Age 15 - 29"
3003001,"[HIV] Pop3Template2018 - male patients in cohort 3 Age 15 - 29"
3004001,"[HIV] Pop3Template2019 - male patients in cohort 3 Age 15 - 29"
3005001,"[HIV] Pop3Template2020 - male patients in cohort 3 Age 15 - 29"
3006001,"[HIV] Pop3Template2021 - male patients in cohort 3 Age 15 - 29"
3007001,"[HIV] Pop3Template2022 - male patients in cohort 3 Age 15 - 29"
3008001,"[HIV] Pop3Template2023 - male patients in cohort 3 Age 15 - 29"
3001002,"[HIV] Pop3Template2016 - male patients in cohort 3 Age 30 - 44"
3002002,"[HIV] Pop3Template2017 - male patients in cohort 3 Age 30 - 44"
3003002,"[HIV] Pop3Template2018 - male patients in cohort 3 Age 30 - 44"
3004002,"[HIV] Pop3Template2019 - male patients in cohort 3 Age 30 - 44"
3005002,"[HIV] Pop3Template2020 - male patients in cohort 3 Age 30 - 44"
3006002,"[HIV] Pop3Template2021 - male patients in cohort 3 Age 30 - 44"
3007002,"[HIV] Pop3Template2022 - male patients in cohort 3 Age 30 - 44"
3008002,"[HIV] Pop3Template2023 - male patients in cohort 3 Age 30 - 44"
3001003,"[HIV] Pop3Template2016 - male patients in cohort 3 Age 45 - 55"
3002003,"[HIV] Pop3Template2017 - male patients in cohort 3 Age 45 - 55"
3003003,"[HIV] Pop3Template2018 - male patients in cohort 3 Age 45 - 55"
3004003,"[HIV] Pop3Template2019 - male patients in cohort 3 Age 45 - 55"
3005003,"[HIV] Pop3Template2020 - male patients in cohort 3 Age 45 - 55"
3006003,"[HIV] Pop3Template2021 - male patients in cohort 3 Age 45 - 55"
3007003,"[HIV] Pop3Template2022 - male patients in cohort 3 Age 45 - 55"
3008003,"[HIV] Pop3Template2023 - male patients in cohort 3 Age 45 - 55"
3001004,"[HIV] Pop3Template2016 - male patients in cohort 3 Age 55+"
3002004,"[HIV] Pop3Template2017 - male patients in cohort 3 Age 55+"
3003004,"[HIV] Pop3Template2018 - male patients in cohort 3 Age 55+"
3004004,"[HIV] Pop3Template2019 - male patients in cohort 3 Age 55+"
3005004,"[HIV] Pop3Template2020 - male patients in cohort 3 Age 55+"
3006004,"[HIV] Pop3Template2021 - male patients in cohort 3 Age 55+"
3007004,"[HIV] Pop3Template2022 - male patients in cohort 3 Age 55+"
3008004,"[HIV] Pop3Template2023 - male patients in cohort 3 Age 55+"
3001005,"[HIV] Pop3Template2016 - male patients in cohort 3 NHW"
3002005,"[HIV] Pop3Template2017 - male patients in cohort 3 NHW"
3003005,"[HIV] Pop3Template2018 - male patients in cohort 3 NHW"
3004005,"[HIV] Pop3Template2019 - male patients in cohort 3 NHW"
3005005,"[HIV] Pop3Template2020 - male patients in cohort 3 NHW"
3006005,"[HIV] Pop3Template2021 - male patients in cohort 3 NHW"
3007005,"[HIV] Pop3Template2022 - male patients in cohort 3 NHW"
3008005,"[HIV] Pop3Template2023 - male patients in cohort 3 NHW"
3001006,"[HIV] Pop3Template2016 - male patients in cohort 3 NHB"
3002006,"[HIV] Pop3Template2017 - male patients in cohort 3 NHB"
3003006,"[HIV] Pop3Template2018 - male patients in cohort 3 NHB"
3004006,"[HIV] Pop3Template2019 - male patients in cohort 3 NHB"
3005006,"[HIV] Pop3Template2020 - male patients in cohort 3 NHB"
3006006,"[HIV] Pop3Template2021 - male patients in cohort 3 NHB"
3007006,"[HIV] Pop3Template2022 - male patients in cohort 3 NHB"
3008006,"[HIV] Pop3Template2023 - male patients in cohort 3 NHB"
3001007,"[HIV] Pop3Template2016 - male patients in cohort 3 Hispanic"
3002007,"[HIV] Pop3Template2017 - male patients in cohort 3 Hispanic"
3003007,"[HIV] Pop3Template2018 - male patients in cohort 3 Hispanic"
3004007,"[HIV] Pop3Template2019 - male patients in cohort 3 Hispanic"
3005007,"[HIV] Pop3Template2020 - male patients in cohort 3 Hispanic"
3006007,"[HIV] Pop3Template2021 - male patients in cohort 3 Hispanic"
3007007,"[HIV] Pop3Template2022 - male patients in cohort 3 Hispanic"
3008007,"[HIV] Pop3Template2023 - male patients in cohort 3 Hispanic"
3001008,"[HIV] Pop3Template2016 - male patients in cohort 3 AAPI"
3002008,"[HIV] Pop3Template2017 - male patients in cohort 3 AAPI"
3003008,"[HIV] Pop3Template2018 - male patients in cohort 3 AAPI"
3004008,"[HIV] Pop3Template2019 - male patients in cohort 3 AAPI"
3005008,"[HIV] Pop3Template2020 - male patients in cohort 3 AAPI"
3006008,"[HIV] Pop3Template2021 - male patients in cohort 3 AAPI"
3007008,"[HIV] Pop3Template2022 - male patients in cohort 3 AAPI"
3008008,"[HIV] Pop3Template2023 - male patients in cohort 3 AAPI"
3001011,"[HIV] Pop3Template2016 - female patients in cohort 3 Age 15 - 29"
3002011,"[HIV] Pop3Template2017 - female patients in cohort 3 Age 15 - 29"
3003011,"[HIV] Pop3Template2018 - female patients in cohort 3 Age 15 - 29"
3004011,"[HIV] Pop3Template2019 - female patients in cohort 3 Age 15 - 29"
3005011,"[HIV] Pop3Template2020 - female patients in cohort 3 Age 15 - 29"
3006011,"[HIV] Pop3Template2021 - female patients in cohort 3 Age 15 - 29"
3007011,"[HIV] Pop3Template2022 - female patients in cohort 3 Age 15 - 29"
3008011,"[HIV] Pop3Template2023 - female patients in cohort 3 Age 15 - 29"
3001012,"[HIV] Pop3Template2016 - female patients in cohort 3 Age 30 - 44"
3002012,"[HIV] Pop3Template2017 - female patients in cohort 3 Age 30 - 44"
3003012,"[HIV] Pop3Template2018 - female patients in cohort 3 Age 30 - 44"
3004012,"[HIV] Pop3Template2019 - female patients in cohort 3 Age 30 - 44"
3005012,"[HIV] Pop3Template2020 - female patients in cohort 3 Age 30 - 44"
3006012,"[HIV] Pop3Template2021 - female patients in cohort 3 Age 30 - 44"
3007012,"[HIV] Pop3Template2022 - female patients in cohort 3 Age 30 - 44"
3008012,"[HIV] Pop3Template2023 - female patients in cohort 3 Age 30 - 44"
3001013,"[HIV] Pop3Template2016 - female patients in cohort 3 Age 45 - 55"
3002013,"[HIV] Pop3Template2017 - female patients in cohort 3 Age 45 - 55"
3003013,"[HIV] Pop3Template2018 - female patients in cohort 3 Age 45 - 55"
3004013,"[HIV] Pop3Template2019 - female patients in cohort 3 Age 45 - 55"
3005013,"[HIV] Pop3Template2020 - female patients in cohort 3 Age 45 - 55"
3006013,"[HIV] Pop3Template2021 - female patients in cohort 3 Age 45 - 55"
3007013,"[HIV] Pop3Template2022 - female patients in cohort 3 Age 45 - 55"
3008013,"[HIV] Pop3Template2023 - female patients in cohort 3 Age 45 - 55"
3001014,"[HIV] Pop3Template2016 - female patients in cohort 3 Age 55+"
3002014,"[HIV] Pop3Template2017 - female patients in cohort 3 Age 55+"
3003014,"[HIV] Pop3Template2018 - female patients in cohort 3 Age 55+"
3004014,"[HIV] Pop3Template2019 - female patients in cohort 3 Age 55+"
3005014,"[HIV] Pop3Template2020 - female patients in cohort 3 Age 55+"
3006014,"[HIV] Pop3Template2021 - female patients in cohort 3 Age 55+"
3007014,"[HIV] Pop3Template2022 - female patients in cohort 3 Age 55+"
3008014,"[HIV] Pop3Template2023 - female patients in cohort 3 Age 55+"
3001015,"[HIV] Pop3Template2016 - female patients in cohort 3 NHW"
3002015,"[HIV] Pop3Template2017 - female patients in cohort 3 NHW"
3003015,"[HIV] Pop3Template2018 - female patients in cohort 3 NHW"
3004015,"[HIV] Pop3Template2019 - female patients in cohort 3 NHW"
3005015,"[HIV] Pop3Template2020 - female patients in cohort 3 NHW"
3006015,"[HIV] Pop3Template2021 - female patients in cohort 3 NHW"
3007015,"[HIV] Pop3Template2022 - female patients in cohort 3 NHW"
3008015,"[HIV] Pop3Template2023 - female patients in cohort 3 NHW"
3001016,"[HIV] Pop3Template2016 - female patients in cohort 3 NHB"
3002016,"[HIV] Pop3Template2017 - female patients in cohort 3 NHB"
3003016,"[HIV] Pop3Template2018 - female patients in cohort 3 NHB"
3004016,"[HIV] Pop3Template2019 - female patients in cohort 3 NHB"
3005016,"[HIV] Pop3Template2020 - female patients in cohort 3 NHB"
3006016,"[HIV] Pop3Template2021 - female patients in cohort 3 NHB"
3007016,"[HIV] Pop3Template2022 - female patients in cohort 3 NHB"
3008016,"[HIV] Pop3Template2023 - female patients in cohort 3 NHB"
3001017,"[HIV] Pop3Template2016 - female patients in cohort 3 Hispanic"
3002017,"[HIV] Pop3Template2017 - female patients in cohort 3 Hispanic"
3003017,"[HIV] Pop3Template2018 - female patients in cohort 3 Hispanic"
3004017,"[HIV] Pop3Template2019 - female patients in cohort 3 Hispanic"
3005017,"[HIV] Pop3Template2020 - female patients in cohort 3 Hispanic"
3006017,"[HIV] Pop3Template2021 - female patients in cohort 3 Hispanic"
3007017,"[HIV] Pop3Template2022 - female patients in cohort 3 Hispanic"
3008017,"[HIV] Pop3Template2023 - female patients in cohort 3 Hispanic"
3001018,"[HIV] Pop3Template2016 - female patients in cohort 3 AAPI"
3002018,"[HIV] Pop3Template2017 - female patients in cohort 3 AAPI"
3003018,"[HIV] Pop3Template2018 - female patients in cohort 3 AAPI"
3004018,"[HIV] Pop3Template2019 - female patients in cohort 3 AAPI"
3005018,"[HIV] Pop3Template2020 - female patients in cohort 3 AAPI"
3006018,"[HIV] Pop3Template2021 - female patients in cohort 3 AAPI"
3007018,"[HIV] Pop3Template2022 - female patients in cohort 3 AAPI"
3008018,"[HIV] Pop3Template2023 - female patients in cohort 3 AAPI"
4001,"[HIV] Pop4Template2016"
4002,"[HIV] Pop4Template2017"
4003,"[HIV] Pop4Template2018"
4004,"[HIV] Pop4Template2019"
4005,"[HIV] Pop4Template2020"
4006,"[HIV] Pop4Template2021"
4007,"[HIV] Pop4Template2022"
4008,"[HIV] Pop4Template2023"
4009,"[HIV] Pop4Template2HR2016"
4010,"[HIV] Pop4Template2HR2017"
4011,"[HIV] Pop4Template2HR2018"
4012,"[HIV] Pop4Template2HR2019"
4013,"[HIV] Pop4Template2HR2020"
4014,"[HIV] Pop4Template2HR2021"
4015,"[HIV] Pop4Template2HR2022"
4016,"[HIV] Pop4Template2HR2023"
4017,"[HIV] Pop4Template3HR2016"
4018,"[HIV] Pop4Template3HR2017"
4019,"[HIV] Pop4Template3HR2018"
4020,"[HIV] Pop4Template3HR2019"
4021,"[HIV] Pop4Template3HR2020"
4022,"[HIV] Pop4Template3HR2021"
4023,"[HIV] Pop4Template3HR2022"
4024,"[HIV] Pop4Template3HR2023"
4025,"[HIV] Pop4TemplateChlamydia2016"
4026,"[HIV] Pop4TemplateChlamydia2017"
4027,"[HIV] Pop4TemplateChlamydia2018"
4028,"[HIV] Pop4TemplateChlamydia2019"
4029,"[HIV] Pop4TemplateChlamydia2020"
4030,"[HIV] Pop4TemplateChlamydia2021"
4031,"[HIV] Pop4TemplateChlamydia2022"
4032,"[HIV] Pop4TemplateChlamydia2023"
4033,"[HIV] Pop4TemplateGonorrhoea2016"
4034,"[HIV] Pop4TemplateGonorrhoea2017"
4035,"[HIV] Pop4TemplateGonorrhoea2018"
4036,"[HIV] Pop4TemplateGonorrhoea2019"
4037,"[HIV] Pop4TemplateGonorrhoea2020"
4038,"[HIV] Pop4TemplateGonorrhoea2021"
4039,"[HIV] Pop4TemplateGonorrhoea2022"
4040,"[HIV] Pop4TemplateGonorrhoea2023"
4041,"[HIV] Pop4TemplateHIVTest2016"
4042,"[HIV] Pop4TemplateHIVTest2017"
4043,"[HIV] Pop4TemplateHIVTest2018"
4044,"[HIV] Pop4TemplateHIVTest2019"
4045,"[HIV] Pop4TemplateHIVTest2020"
4046,"[HIV] Pop4TemplateHIVTest2021"
4047,"[HIV] Pop4TemplateHIVTest2022"
4048,"[HIV] Pop4TemplateHIVTest2023"
4049,"[HIV] Pop4TemplateHIVany2016"
4050,"[HIV] Pop4TemplateHIVany2017"
4051,"[HIV] Pop4TemplateHIVany2018"
4052,"[HIV] Pop4TemplateHIVany2019"
4053,"[HIV] Pop4TemplateHIVany2020"
4054,"[HIV] Pop4TemplateHIVany2021"
4055,"[HIV] Pop4TemplateHIVany2022"
4056,"[HIV] Pop4TemplateHIVany2023"
4057,"[HIV] Pop4TemplateOther2016"
4058,"[HIV] Pop4TemplateOther2017"
4059,"[HIV] Pop4TemplateOther2018"
4060,"[HIV] Pop4TemplateOther2019"
4061,"[HIV] Pop4TemplateOther2020"
4062,"[HIV] Pop4TemplateOther2021"
4063,"[HIV] Pop4TemplateOther2022"
4064,"[HIV] Pop4TemplateOther2023"
4065,"[HIV] Pop4TemplateOtherSTI2016"
4066,"[HIV] Pop4TemplateOtherSTI2017"
4067,"[HIV] Pop4TemplateOtherSTI2018"
4068,"[HIV] Pop4TemplateOtherSTI2019"
4069,"[HIV] Pop4TemplateOtherSTI2020"
4070,"[HIV] Pop4TemplateOtherSTI2021"
4071,"[HIV] Pop4TemplateOtherSTI2022"
4072,"[HIV] Pop4TemplateOtherSTI2023"
4073,"[HIV] Pop4TemplatePWID2016"
4074,"[HIV] Pop4TemplatePWID2017"
4075,"[HIV] Pop4TemplatePWID2018"
4076,"[HIV] Pop4TemplatePWID2019"
4077,"[HIV] Pop4TemplatePWID2020"
4078,"[HIV] Pop4TemplatePWID2021"
4079,"[HIV] Pop4TemplatePWID2022"
4080,"[HIV] Pop4TemplatePWID2023"
4081,"[HIV] Pop4TemplateSTIany2016"
4082,"[HIV] Pop4TemplateSTIany2017"
4083,"[HIV] Pop4TemplateSTIany2018"
4084,"[HIV] Pop4TemplateSTIany2019"
4085,"[HIV] Pop4TemplateSTIany2020"
4086,"[HIV] Pop4TemplateSTIany2021"
4087,"[HIV] Pop4TemplateSTIany2022"
4088,"[HIV] Pop4TemplateSTIany2023"
4089,"[HIV] Pop4TemplateSyphilis2016"
4090,"[HIV] Pop4TemplateSyphilis2017"
4091,"[HIV] Pop4TemplateSyphilis2018"
4092,"[HIV] Pop4TemplateSyphilis2019"
4093,"[HIV] Pop4TemplateSyphilis2020"
4094,"[HIV] Pop4TemplateSyphilis2021"
4095,"[HIV] Pop4TemplateSyphilis2022"
4096,"[HIV] Pop4TemplateSyphilis2023"
4097,"[HIV] Pop4TemplateTrichomoniasis2016"
4098,"[HIV] Pop4TemplateTrichomoniasis2017"
4099,"[HIV] Pop4TemplateTrichomoniasis2018"
4100,"[HIV] Pop4TemplateTrichomoniasis2019"
4101,"[HIV] Pop4TemplateTrichomoniasis2020"
4102,"[HIV] Pop4TemplateTrichomoniasis2021"
4103,"[HIV] Pop4TemplateTrichomoniasis2022"
4104,"[HIV] Pop4TemplateTrichomoniasis2023"
4105,"[HIV] Pop4TemplateanySTI2016"
4106,"[HIV] Pop4TemplateanySTI2017"
4107,"[HIV] Pop4TemplateanySTI2018"
4108,"[HIV] Pop4TemplateanySTI2019"
4109,"[HIV] Pop4TemplateanySTI2020"
4110,"[HIV] Pop4TemplateanySTI2021"
4111,"[HIV] Pop4TemplateanySTI2022"
4112,"[HIV] Pop4TemplateanySTI2023"
4001030,"[HIV] Pop4Template2016 - male patients in cohort 4 males"
4002030,"[HIV] Pop4Template2017 - male patients in cohort 4 males"
4003030,"[HIV] Pop4Template2018 - male patients in cohort 4 males"
4004030,"[HIV] Pop4Template2019 - male patients in cohort 4 males"
4005030,"[HIV] Pop4Template2020 - male patients in cohort 4 males"
4006030,"[HIV] Pop4Template2021 - male patients in cohort 4 males"
4007030,"[HIV] Pop4Template2022 - male patients in cohort 4 males"
4008030,"[HIV] Pop4Template2023 - male patients in cohort 4 males"
4009030,"[HIV] Pop4Template2HR2016 - male patients in cohort 4 males"
4010030,"[HIV] Pop4Template2HR2017 - male patients in cohort 4 males"
4011030,"[HIV] Pop4Template2HR2018 - male patients in cohort 4 males"
4012030,"[HIV] Pop4Template2HR2019 - male patients in cohort 4 males"
4013030,"[HIV] Pop4Template2HR2020 - male patients in cohort 4 males"
4014030,"[HIV] Pop4Template2HR2021 - male patients in cohort 4 males"
4015030,"[HIV] Pop4Template2HR2022 - male patients in cohort 4 males"
4016030,"[HIV] Pop4Template2HR2023 - male patients in cohort 4 males"
4017030,"[HIV] Pop4Template3HR2016 - male patients in cohort 4 males"
4018030,"[HIV] Pop4Template3HR2017 - male patients in cohort 4 males"
4019030,"[HIV] Pop4Template3HR2018 - male patients in cohort 4 males"
4020030,"[HIV] Pop4Template3HR2019 - male patients in cohort 4 males"
4021030,"[HIV] Pop4Template3HR2020 - male patients in cohort 4 males"
4022030,"[HIV] Pop4Template3HR2021 - male patients in cohort 4 males"
4023030,"[HIV] Pop4Template3HR2022 - male patients in cohort 4 males"
4024030,"[HIV] Pop4Template3HR2023 - male patients in cohort 4 males"
4025030,"[HIV] Pop4TemplateChlamydia2016 - male patients in cohort 4 males"
4026030,"[HIV] Pop4TemplateChlamydia2017 - male patients in cohort 4 males"
4027030,"[HIV] Pop4TemplateChlamydia2018 - male patients in cohort 4 males"
4028030,"[HIV] Pop4TemplateChlamydia2019 - male patients in cohort 4 males"
4029030,"[HIV] Pop4TemplateChlamydia2020 - male patients in cohort 4 males"
4030030,"[HIV] Pop4TemplateChlamydia2021 - male patients in cohort 4 males"
4031030,"[HIV] Pop4TemplateChlamydia2022 - male patients in cohort 4 males"
4032030,"[HIV] Pop4TemplateChlamydia2023 - male patients in cohort 4 males"
4033030,"[HIV] Pop4TemplateGonorrhoea2016 - male patients in cohort 4 males"
4034030,"[HIV] Pop4TemplateGonorrhoea2017 - male patients in cohort 4 males"
4035030,"[HIV] Pop4TemplateGonorrhoea2018 - male patients in cohort 4 males"
4036030,"[HIV] Pop4TemplateGonorrhoea2019 - male patients in cohort 4 males"
4037030,"[HIV] Pop4TemplateGonorrhoea2020 - male patients in cohort 4 males"
4038030,"[HIV] Pop4TemplateGonorrhoea2021 - male patients in cohort 4 males"
4039030,"[HIV] Pop4TemplateGonorrhoea2022 - male patients in cohort 4 males"
4040030,"[HIV] Pop4TemplateGonorrhoea2023 - male patients in cohort 4 males"
4041030,"[HIV] Pop4TemplateHIVTest2016 - male patients in cohort 4 males"
4042030,"[HIV] Pop4TemplateHIVTest2017 - male patients in cohort 4 males"
4043030,"[HIV] Pop4TemplateHIVTest2018 - male patients in cohort 4 males"
4044030,"[HIV] Pop4TemplateHIVTest2019 - male patients in cohort 4 males"
4045030,"[HIV] Pop4TemplateHIVTest2020 - male patients in cohort 4 males"
4046030,"[HIV] Pop4TemplateHIVTest2021 - male patients in cohort 4 males"
4047030,"[HIV] Pop4TemplateHIVTest2022 - male patients in cohort 4 males"
4048030,"[HIV] Pop4TemplateHIVTest2023 - male patients in cohort 4 males"
4049030,"[HIV] Pop4TemplateHIVany2016 - male patients in cohort 4 males"
4050030,"[HIV] Pop4TemplateHIVany2017 - male patients in cohort 4 males"
4051030,"[HIV] Pop4TemplateHIVany2018 - male patients in cohort 4 males"
4052030,"[HIV] Pop4TemplateHIVany2019 - male patients in cohort 4 males"
4053030,"[HIV] Pop4TemplateHIVany2020 - male patients in cohort 4 males"
4054030,"[HIV] Pop4TemplateHIVany2021 - male patients in cohort 4 males"
4055030,"[HIV] Pop4TemplateHIVany2022 - male patients in cohort 4 males"
4056030,"[HIV] Pop4TemplateHIVany2023 - male patients in cohort 4 males"
4057030,"[HIV] Pop4TemplateOther2016 - male patients in cohort 4 males"
4058030,"[HIV] Pop4TemplateOther2017 - male patients in cohort 4 males"
4059030,"[HIV] Pop4TemplateOther2018 - male patients in cohort 4 males"
4060030,"[HIV] Pop4TemplateOther2019 - male patients in cohort 4 males"
4061030,"[HIV] Pop4TemplateOther2020 - male patients in cohort 4 males"
4062030,"[HIV] Pop4TemplateOther2021 - male patients in cohort 4 males"
4063030,"[HIV] Pop4TemplateOther2022 - male patients in cohort 4 males"
4064030,"[HIV] Pop4TemplateOther2023 - male patients in cohort 4 males"
4065030,"[HIV] Pop4TemplateOtherSTI2016 - male patients in cohort 4 males"
4066030,"[HIV] Pop4TemplateOtherSTI2017 - male patients in cohort 4 males"
4067030,"[HIV] Pop4TemplateOtherSTI2018 - male patients in cohort 4 males"
4068030,"[HIV] Pop4TemplateOtherSTI2019 - male patients in cohort 4 males"
4069030,"[HIV] Pop4TemplateOtherSTI2020 - male patients in cohort 4 males"
4070030,"[HIV] Pop4TemplateOtherSTI2021 - male patients in cohort 4 males"
4071030,"[HIV] Pop4TemplateOtherSTI2022 - male patients in cohort 4 males"
4072030,"[HIV] Pop4TemplateOtherSTI2023 - male patients in cohort 4 males"
4073030,"[HIV] Pop4TemplatePWID2016 - male patients in cohort 4 males"
4074030,"[HIV] Pop4TemplatePWID2017 - male patients in cohort 4 males"
4075030,"[HIV] Pop4TemplatePWID2018 - male patients in cohort 4 males"
4076030,"[HIV] Pop4TemplatePWID2019 - male patients in cohort 4 males"
4077030,"[HIV] Pop4TemplatePWID2020 - male patients in cohort 4 males"
4078030,"[HIV] Pop4TemplatePWID2021 - male patients in cohort 4 males"
4079030,"[HIV] Pop4TemplatePWID2022 - male patients in cohort 4 males"
4080030,"[HIV] Pop4TemplatePWID2023 - male patients in cohort 4 males"
4081030,"[HIV] Pop4TemplateSTIany2016 - male patients in cohort 4 males"
4082030,"[HIV] Pop4TemplateSTIany2017 - male patients in cohort 4 males"
4083030,"[HIV] Pop4TemplateSTIany2018 - male patients in cohort 4 males"
4084030,"[HIV] Pop4TemplateSTIany2019 - male patients in cohort 4 males"
4085030,"[HIV] Pop4TemplateSTIany2020 - male patients in cohort 4 males"
4086030,"[HIV] Pop4TemplateSTIany2021 - male patients in cohort 4 males"
4087030,"[HIV] Pop4TemplateSTIany2022 - male patients in cohort 4 males"
4088030,"[HIV] Pop4TemplateSTIany2023 - male patients in cohort 4 males"
4089030,"[HIV] Pop4TemplateSyphilis2016 - male patients in cohort 4 males"
4090030,"[HIV] Pop4TemplateSyphilis2017 - male patients in cohort 4 males"
4091030,"[HIV] Pop4TemplateSyphilis2018 - male patients in cohort 4 males"
4092030,"[HIV] Pop4TemplateSyphilis2019 - male patients in cohort 4 males"
4093030,"[HIV] Pop4TemplateSyphilis2020 - male patients in cohort 4 males"
4094030,"[HIV] Pop4TemplateSyphilis2021 - male patients in cohort 4 males"
4095030,"[HIV] Pop4TemplateSyphilis2022 - male patients in cohort 4 males"
4096030,"[HIV] Pop4TemplateSyphilis2023 - male patients in cohort 4 males"
4097030,"[HIV] Pop4TemplateTrichomoniasis2016 - male patients in cohort 4 males"
4098030,"[HIV] Pop4TemplateTrichomoniasis2017 - male patients in cohort 4 males"
4099030,"[HIV] Pop4TemplateTrichomoniasis2018 - male patients in cohort 4 males"
4100030,"[HIV] Pop4TemplateTrichomoniasis2019 - male patients in cohort 4 males"
4101030,"[HIV] Pop4TemplateTrichomoniasis2020 - male patients in cohort 4 males"
4102030,"[HIV] Pop4TemplateTrichomoniasis2021 - male patients in cohort 4 males"
4103030,"[HIV] Pop4TemplateTrichomoniasis2022 - male patients in cohort 4 males"
4104030,"[HIV] Pop4TemplateTrichomoniasis2023 - male patients in cohort 4 males"
4105030,"[HIV] Pop4TemplateanySTI2016 - male patients in cohort 4 males"
4106030,"[HIV] Pop4TemplateanySTI2017 - male patients in cohort 4 males"
4107030,"[HIV] Pop4TemplateanySTI2018 - male patients in cohort 4 males"
4108030,"[HIV] Pop4TemplateanySTI2019 - male patients in cohort 4 males"
4109030,"[HIV] Pop4TemplateanySTI2020 - male patients in cohort 4 males"
4110030,"[HIV] Pop4TemplateanySTI2021 - male patients in cohort 4 males"
4111030,"[HIV] Pop4TemplateanySTI2022 - male patients in cohort 4 males"
4112030,"[HIV] Pop4TemplateanySTI2023 - male patients in cohort 4 males"
4001040,"[HIV] Pop4Template2016 - female patients in cohort 4 females"
4002040,"[HIV] Pop4Template2017 - female patients in cohort 4 females"
4003040,"[HIV] Pop4Template2018 - female patients in cohort 4 females"
4004040,"[HIV] Pop4Template2019 - female patients in cohort 4 females"
4005040,"[HIV] Pop4Template2020 - female patients in cohort 4 females"
4006040,"[HIV] Pop4Template2021 - female patients in cohort 4 females"
4007040,"[HIV] Pop4Template2022 - female patients in cohort 4 females"
4008040,"[HIV] Pop4Template2023 - female patients in cohort 4 females"
4009040,"[HIV] Pop4Template2HR2016 - female patients in cohort 4 females"
4010040,"[HIV] Pop4Template2HR2017 - female patients in cohort 4 females"
4011040,"[HIV] Pop4Template2HR2018 - female patients in cohort 4 females"
4012040,"[HIV] Pop4Template2HR2019 - female patients in cohort 4 females"
4013040,"[HIV] Pop4Template2HR2020 - female patients in cohort 4 females"
4014040,"[HIV] Pop4Template2HR2021 - female patients in cohort 4 females"
4015040,"[HIV] Pop4Template2HR2022 - female patients in cohort 4 females"
4016040,"[HIV] Pop4Template2HR2023 - female patients in cohort 4 females"
4017040,"[HIV] Pop4Template3HR2016 - female patients in cohort 4 females"
4018040,"[HIV] Pop4Template3HR2017 - female patients in cohort 4 females"
4019040,"[HIV] Pop4Template3HR2018 - female patients in cohort 4 females"
4020040,"[HIV] Pop4Template3HR2019 - female patients in cohort 4 females"
4021040,"[HIV] Pop4Template3HR2020 - female patients in cohort 4 females"
4022040,"[HIV] Pop4Template3HR2021 - female patients in cohort 4 females"
4023040,"[HIV] Pop4Template3HR2022 - female patients in cohort 4 females"
4024040,"[HIV] Pop4Template3HR2023 - female patients in cohort 4 females"
4025040,"[HIV] Pop4TemplateChlamydia2016 - female patients in cohort 4 females"
4026040,"[HIV] Pop4TemplateChlamydia2017 - female patients in cohort 4 females"
4027040,"[HIV] Pop4TemplateChlamydia2018 - female patients in cohort 4 females"
4028040,"[HIV] Pop4TemplateChlamydia2019 - female patients in cohort 4 females"
4029040,"[HIV] Pop4TemplateChlamydia2020 - female patients in cohort 4 females"
4030040,"[HIV] Pop4TemplateChlamydia2021 - female patients in cohort 4 females"
4031040,"[HIV] Pop4TemplateChlamydia2022 - female patients in cohort 4 females"
4032040,"[HIV] Pop4TemplateChlamydia2023 - female patients in cohort 4 females"
4033040,"[HIV] Pop4TemplateGonorrhoea2016 - female patients in cohort 4 females"
4034040,"[HIV] Pop4TemplateGonorrhoea2017 - female patients in cohort 4 females"
4035040,"[HIV] Pop4TemplateGonorrhoea2018 - female patients in cohort 4 females"
4036040,"[HIV] Pop4TemplateGonorrhoea2019 - female patients in cohort 4 females"
4037040,"[HIV] Pop4TemplateGonorrhoea2020 - female patients in cohort 4 females"
4038040,"[HIV] Pop4TemplateGonorrhoea2021 - female patients in cohort 4 females"
4039040,"[HIV] Pop4TemplateGonorrhoea2022 - female patients in cohort 4 females"
4040040,"[HIV] Pop4TemplateGonorrhoea2023 - female patients in cohort 4 females"
4041040,"[HIV] Pop4TemplateHIVTest2016 - female patients in cohort 4 females"
4042040,"[HIV] Pop4TemplateHIVTest2017 - female patients in cohort 4 females"
4043040,"[HIV] Pop4TemplateHIVTest2018 - female patients in cohort 4 females"
4044040,"[HIV] Pop4TemplateHIVTest2019 - female patients in cohort 4 females"
4045040,"[HIV] Pop4TemplateHIVTest2020 - female patients in cohort 4 females"
4046040,"[HIV] Pop4TemplateHIVTest2021 - female patients in cohort 4 females"
4047040,"[HIV] Pop4TemplateHIVTest2022 - female patients in cohort 4 females"
4048040,"[HIV] Pop4TemplateHIVTest2023 - female patients in cohort 4 females"
4049040,"[HIV] Pop4TemplateHIVany2016 - female patients in cohort 4 females"
4050040,"[HIV] Pop4TemplateHIVany2017 - female patients in cohort 4 females"
4051040,"[HIV] Pop4TemplateHIVany2018 - female patients in cohort 4 females"
4052040,"[HIV] Pop4TemplateHIVany2019 - female patients in cohort 4 females"
4053040,"[HIV] Pop4TemplateHIVany2020 - female patients in cohort 4 females"
4054040,"[HIV] Pop4TemplateHIVany2021 - female patients in cohort 4 females"
4055040,"[HIV] Pop4TemplateHIVany2022 - female patients in cohort 4 females"
4056040,"[HIV] Pop4TemplateHIVany2023 - female patients in cohort 4 females"
4057040,"[HIV] Pop4TemplateOther2016 - female patients in cohort 4 females"
4058040,"[HIV] Pop4TemplateOther2017 - female patients in cohort 4 females"
4059040,"[HIV] Pop4TemplateOther2018 - female patients in cohort 4 females"
4060040,"[HIV] Pop4TemplateOther2019 - female patients in cohort 4 females"
4061040,"[HIV] Pop4TemplateOther2020 - female patients in cohort 4 females"
4062040,"[HIV] Pop4TemplateOther2021 - female patients in cohort 4 females"
4063040,"[HIV] Pop4TemplateOther2022 - female patients in cohort 4 females"
4064040,"[HIV] Pop4TemplateOther2023 - female patients in cohort 4 females"
4065040,"[HIV] Pop4TemplateOtherSTI2016 - female patients in cohort 4 females"
4066040,"[HIV] Pop4TemplateOtherSTI2017 - female patients in cohort 4 females"
4067040,"[HIV] Pop4TemplateOtherSTI2018 - female patients in cohort 4 females"
4068040,"[HIV] Pop4TemplateOtherSTI2019 - female patients in cohort 4 females"
4069040,"[HIV] Pop4TemplateOtherSTI2020 - female patients in cohort 4 females"
4070040,"[HIV] Pop4TemplateOtherSTI2021 - female patients in cohort 4 females"
4071040,"[HIV] Pop4TemplateOtherSTI2022 - female patients in cohort 4 females"
4072040,"[HIV] Pop4TemplateOtherSTI2023 - female patients in cohort 4 females"
4073040,"[HIV] Pop4TemplatePWID2016 - female patients in cohort 4 females"
4074040,"[HIV] Pop4TemplatePWID2017 - female patients in cohort 4 females"
4075040,"[HIV] Pop4TemplatePWID2018 - female patients in cohort 4 females"
4076040,"[HIV] Pop4TemplatePWID2019 - female patients in cohort 4 females"
4077040,"[HIV] Pop4TemplatePWID2020 - female patients in cohort 4 females"
4078040,"[HIV] Pop4TemplatePWID2021 - female patients in cohort 4 females"
4079040,"[HIV] Pop4TemplatePWID2022 - female patients in cohort 4 females"
4080040,"[HIV] Pop4TemplatePWID2023 - female patients in cohort 4 females"
4081040,"[HIV] Pop4TemplateSTIany2016 - female patients in cohort 4 females"
4082040,"[HIV] Pop4TemplateSTIany2017 - female patients in cohort 4 females"
4083040,"[HIV] Pop4TemplateSTIany2018 - female patients in cohort 4 females"
4084040,"[HIV] Pop4TemplateSTIany2019 - female patients in cohort 4 females"
4085040,"[HIV] Pop4TemplateSTIany2020 - female patients in cohort 4 females"
4086040,"[HIV] Pop4TemplateSTIany2021 - female patients in cohort 4 females"
4087040,"[HIV] Pop4TemplateSTIany2022 - female patients in cohort 4 females"
4088040,"[HIV] Pop4TemplateSTIany2023 - female patients in cohort 4 females"
4089040,"[HIV] Pop4TemplateSyphilis2016 - female patients in cohort 4 females"
4090040,"[HIV] Pop4TemplateSyphilis2017 - female patients in cohort 4 females"
4091040,"[HIV] Pop4TemplateSyphilis2018 - female patients in cohort 4 females"
4092040,"[HIV] Pop4TemplateSyphilis2019 - female patients in cohort 4 females"
4093040,"[HIV] Pop4TemplateSyphilis2020 - female patients in cohort 4 females"
4094040,"[HIV] Pop4TemplateSyphilis2021 - female patients in cohort 4 females"
4095040,"[HIV] Pop4TemplateSyphilis2022 - female patients in cohort 4 females"
4096040,"[HIV] Pop4TemplateSyphilis2023 - female patients in cohort 4 females"
4097040,"[HIV] Pop4TemplateTrichomoniasis2016 - female patients in cohort 4 females"
4098040,"[HIV] Pop4TemplateTrichomoniasis2017 - female patients in cohort 4 females"
4099040,"[HIV] Pop4TemplateTrichomoniasis2018 - female patients in cohort 4 females"
4100040,"[HIV] Pop4TemplateTrichomoniasis2019 - female patients in cohort 4 females"
4101040,"[HIV] Pop4TemplateTrichomoniasis2020 - female patients in cohort 4 females"
4102040,"[HIV] Pop4TemplateTrichomoniasis2021 - female patients in cohort 4 females"
4103040,"[HIV] Pop4TemplateTrichomoniasis2022 - female patients in cohort 4 females"
4104040,"[HIV] Pop4TemplateTrichomoniasis2023 - female patients in cohort 4 females"
4105040,"[HIV] Pop4TemplateanySTI2016 - female patients in cohort 4 females"
4106040,"[HIV] Pop4TemplateanySTI2017 - female patients in cohort 4 females"
4107040,"[HIV] Pop4TemplateanySTI2018 - female patients in cohort 4 females"
4108040,"[HIV] Pop4TemplateanySTI2019 - female patients in cohort 4 females"
4109040,"[HIV] Pop4TemplateanySTI2020 - female patients in cohort 4 females"
4110040,"[HIV] Pop4TemplateanySTI2021 - female patients in cohort 4 females"
4111040,"[HIV] Pop4TemplateanySTI2022 - female patients in cohort 4 females"
4112040,"[HIV] Pop4TemplateanySTI2023 - female patients in cohort 4 females"
4001,"[HIV] Pop4Template2016"
4002,"[HIV] Pop4Template2017"
4003,"[HIV] Pop4Template2018"
4004,"[HIV] Pop4Template2019"
4005,"[HIV] Pop4Template2020"
4006,"[HIV] Pop4Template2021"
4007,"[HIV] Pop4Template2022"
4008,"[HIV] Pop4Template2023"
4001001,"[HIV] Pop4Template2016 - male patients in cohort 4 Age 15 - 29"
4002001,"[HIV] Pop4Template2017 - male patients in cohort 4 Age 15 - 29"
4003001,"[HIV] Pop4Template2018 - male patients in cohort 4 Age 15 - 29"
4004001,"[HIV] Pop4Template2019 - male patients in cohort 4 Age 15 - 29"
4005001,"[HIV] Pop4Template2020 - male patients in cohort 4 Age 15 - 29"
4006001,"[HIV] Pop4Template2021 - male patients in cohort 4 Age 15 - 29"
4007001,"[HIV] Pop4Template2022 - male patients in cohort 4 Age 15 - 29"
4008001,"[HIV] Pop4Template2023 - male patients in cohort 4 Age 15 - 29"
4001002,"[HIV] Pop4Template2016 - male patients in cohort 4 Age 30 - 44"
4002002,"[HIV] Pop4Template2017 - male patients in cohort 4 Age 30 - 44"
4003002,"[HIV] Pop4Template2018 - male patients in cohort 4 Age 30 - 44"
4004002,"[HIV] Pop4Template2019 - male patients in cohort 4 Age 30 - 44"
4005002,"[HIV] Pop4Template2020 - male patients in cohort 4 Age 30 - 44"
4006002,"[HIV] Pop4Template2021 - male patients in cohort 4 Age 30 - 44"
4007002,"[HIV] Pop4Template2022 - male patients in cohort 4 Age 30 - 44"
4008002,"[HIV] Pop4Template2023 - male patients in cohort 4 Age 30 - 44"
4001003,"[HIV] Pop4Template2016 - male patients in cohort 4 Age 45 - 55"
4002003,"[HIV] Pop4Template2017 - male patients in cohort 4 Age 45 - 55"
4003003,"[HIV] Pop4Template2018 - male patients in cohort 4 Age 45 - 55"
4004003,"[HIV] Pop4Template2019 - male patients in cohort 4 Age 45 - 55"
4005003,"[HIV] Pop4Template2020 - male patients in cohort 4 Age 45 - 55"
4006003,"[HIV] Pop4Template2021 - male patients in cohort 4 Age 45 - 55"
4007003,"[HIV] Pop4Template2022 - male patients in cohort 4 Age 45 - 55"
4008003,"[HIV] Pop4Template2023 - male patients in cohort 4 Age 45 - 55"
4001004,"[HIV] Pop4Template2016 - male patients in cohort 4 Age 55+"
4002004,"[HIV] Pop4Template2017 - male patients in cohort 4 Age 55+"
4003004,"[HIV] Pop4Template2018 - male patients in cohort 4 Age 55+"
4004004,"[HIV] Pop4Template2019 - male patients in cohort 4 Age 55+"
4005004,"[HIV] Pop4Template2020 - male patients in cohort 4 Age 55+"
4006004,"[HIV] Pop4Template2021 - male patients in cohort 4 Age 55+"
4007004,"[HIV] Pop4Template2022 - male patients in cohort 4 Age 55+"
4008004,"[HIV] Pop4Template2023 - male patients in cohort 4 Age 55+"
4001005,"[HIV] Pop4Template2016 - male patients in cohort 4 NHW"
4002005,"[HIV] Pop4Template2017 - male patients in cohort 4 NHW"
4003005,"[HIV] Pop4Template2018 - male patients in cohort 4 NHW"
4004005,"[HIV] Pop4Template2019 - male patients in cohort 4 NHW"
4005005,"[HIV] Pop4Template2020 - male patients in cohort 4 NHW"
4006005,"[HIV] Pop4Template2021 - male patients in cohort 4 NHW"
4007005,"[HIV] Pop4Template2022 - male patients in cohort 4 NHW"
4008005,"[HIV] Pop4Template2023 - male patients in cohort 4 NHW"
4001006,"[HIV] Pop4Template2016 - male patients in cohort 4 NHB"
4002006,"[HIV] Pop4Template2017 - male patients in cohort 4 NHB"
4003006,"[HIV] Pop4Template2018 - male patients in cohort 4 NHB"
4004006,"[HIV] Pop4Template2019 - male patients in cohort 4 NHB"
4005006,"[HIV] Pop4Template2020 - male patients in cohort 4 NHB"
4006006,"[HIV] Pop4Template2021 - male patients in cohort 4 NHB"
4007006,"[HIV] Pop4Template2022 - male patients in cohort 4 NHB"
4008006,"[HIV] Pop4Template2023 - male patients in cohort 4 NHB"
4001007,"[HIV] Pop4Template2016 - male patients in cohort 4 Hispanic"
4002007,"[HIV] Pop4Template2017 - male patients in cohort 4 Hispanic"
4003007,"[HIV] Pop4Template2018 - male patients in cohort 4 Hispanic"
4004007,"[HIV] Pop4Template2019 - male patients in cohort 4 Hispanic"
4005007,"[HIV] Pop4Template2020 - male patients in cohort 4 Hispanic"
4006007,"[HIV] Pop4Template2021 - male patients in cohort 4 Hispanic"
4007007,"[HIV] Pop4Template2022 - male patients in cohort 4 Hispanic"
4008007,"[HIV] Pop4Template2023 - male patients in cohort 4 Hispanic"
4001008,"[HIV] Pop4Template2016 - male patients in cohort 4 AAPI"
4002008,"[HIV] Pop4Template2017 - male patients in cohort 4 AAPI"
4003008,"[HIV] Pop4Template2018 - male patients in cohort 4 AAPI"
4004008,"[HIV] Pop4Template2019 - male patients in cohort 4 AAPI"
4005008,"[HIV] Pop4Template2020 - male patients in cohort 4 AAPI"
4006008,"[HIV] Pop4Template2021 - male patients in cohort 4 AAPI"
4007008,"[HIV] Pop4Template2022 - male patients in cohort 4 AAPI"
4008008,"[HIV] Pop4Template2023 - male patients in cohort 4 AAPI"
4001011,"[HIV] Pop4Template2016 - female patients in cohort 4 Age 15 - 29"
4002011,"[HIV] Pop4Template2017 - female patients in cohort 4 Age 15 - 29"
4003011,"[HIV] Pop4Template2018 - female patients in cohort 4 Age 15 - 29"
4004011,"[HIV] Pop4Template2019 - female patients in cohort 4 Age 15 - 29"
4005011,"[HIV] Pop4Template2020 - female patients in cohort 4 Age 15 - 29"
4006011,"[HIV] Pop4Template2021 - female patients in cohort 4 Age 15 - 29"
4007011,"[HIV] Pop4Template2022 - female patients in cohort 4 Age 15 - 29"
4008011,"[HIV] Pop4Template2023 - female patients in cohort 4 Age 15 - 29"
4001012,"[HIV] Pop4Template2016 - female patients in cohort 4 Age 30 - 44"
4002012,"[HIV] Pop4Template2017 - female patients in cohort 4 Age 30 - 44"
4003012,"[HIV] Pop4Template2018 - female patients in cohort 4 Age 30 - 44"
4004012,"[HIV] Pop4Template2019 - female patients in cohort 4 Age 30 - 44"
4005012,"[HIV] Pop4Template2020 - female patients in cohort 4 Age 30 - 44"
4006012,"[HIV] Pop4Template2021 - female patients in cohort 4 Age 30 - 44"
4007012,"[HIV] Pop4Template2022 - female patients in cohort 4 Age 30 - 44"
4008012,"[HIV] Pop4Template2023 - female patients in cohort 4 Age 30 - 44"
4001013,"[HIV] Pop4Template2016 - female patients in cohort 4 Age 45 - 55"
4002013,"[HIV] Pop4Template2017 - female patients in cohort 4 Age 45 - 55"
4003013,"[HIV] Pop4Template2018 - female patients in cohort 4 Age 45 - 55"
4004013,"[HIV] Pop4Template2019 - female patients in cohort 4 Age 45 - 55"
4005013,"[HIV] Pop4Template2020 - female patients in cohort 4 Age 45 - 55"
4006013,"[HIV] Pop4Template2021 - female patients in cohort 4 Age 45 - 55"
4007013,"[HIV] Pop4Template2022 - female patients in cohort 4 Age 45 - 55"
4008013,"[HIV] Pop4Template2023 - female patients in cohort 4 Age 45 - 55"
4001014,"[HIV] Pop4Template2016 - female patients in cohort 4 Age 55+"
4002014,"[HIV] Pop4Template2017 - female patients in cohort 4 Age 55+"
4003014,"[HIV] Pop4Template2018 - female patients in cohort 4 Age 55+"
4004014,"[HIV] Pop4Template2019 - female patients in cohort 4 Age 55+"
4005014,"[HIV] Pop4Template2020 - female patients in cohort 4 Age 55+"
4006014,"[HIV] Pop4Template2021 - female patients in cohort 4 Age 55+"
4007014,"[HIV] Pop4Template2022 - female patients in cohort 4 Age 55+"
4008014,"[HIV] Pop4Template2023 - female patients in cohort 4 Age 55+"
4001015,"[HIV] Pop4Template2016 - female patients in cohort 4 NHW"
4002015,"[HIV] Pop4Template2017 - female patients in cohort 4 NHW"
4003015,"[HIV] Pop4Template2018 - female patients in cohort 4 NHW"
4004015,"[HIV] Pop4Template2019 - female patients in cohort 4 NHW"
4005015,"[HIV] Pop4Template2020 - female patients in cohort 4 NHW"
4006015,"[HIV] Pop4Template2021 - female patients in cohort 4 NHW"
4007015,"[HIV] Pop4Template2022 - female patients in cohort 4 NHW"
4008015,"[HIV] Pop4Template2023 - female patients in cohort 4 NHW"
4001016,"[HIV] Pop4Template2016 - female patients in cohort 4 NHB"
4002016,"[HIV] Pop4Template2017 - female patients in cohort 4 NHB"
4003016,"[HIV] Pop4Template2018 - female patients in cohort 4 NHB"
4004016,"[HIV] Pop4Template2019 - female patients in cohort 4 NHB"
4005016,"[HIV] Pop4Template2020 - female patients in cohort 4 NHB"
4006016,"[HIV] Pop4Template2021 - female patients in cohort 4 NHB"
4007016,"[HIV] Pop4Template2022 - female patients in cohort 4 NHB"
4008016,"[HIV] Pop4Template2023 - female patients in cohort 4 NHB"
4001017,"[HIV] Pop4Template2016 - female patients in cohort 4 Hispanic"
4002017,"[HIV] Pop4Template2017 - female patients in cohort 4 Hispanic"
4003017,"[HIV] Pop4Template2018 - female patients in cohort 4 Hispanic"
4004017,"[HIV] Pop4Template2019 - female patients in cohort 4 Hispanic"
4005017,"[HIV] Pop4Template2020 - female patients in cohort 4 Hispanic"
4006017,"[HIV] Pop4Template2021 - female patients in cohort 4 Hispanic"
4007017,"[HIV] Pop4Template2022 - female patients in cohort 4 Hispanic"
4008017,"[HIV] Pop4Template2023 - female patients in cohort 4 Hispanic"
4001018,"[HIV] Pop4Template2016 - female patients in cohort 4 AAPI"
4002018,"[HIV] Pop4Template2017 - female patients in cohort 4 AAPI"
4003018,"[HIV] Pop4Template2018 - female patients in cohort 4 AAPI"
4004018,"[HIV] Pop4Template2019 - female patients in cohort 4 AAPI"
4005018,"[HIV] Pop4Template2020 - female patients in cohort 4 AAPI"
4006018,"[HIV] Pop4Template2021 - female patients in cohort 4 AAPI"
4007018,"[HIV] Pop4Template2022 - female patients in cohort 4 AAPI"
4008018,"[HIV] Pop4Template2023 - female patients in cohort 4 AAPI"
5001,"[HIV] Pop52016"
5002,"[HIV] Pop52017"
5003,"[HIV] Pop52018"
5004,"[HIV] Pop52019"
5005,"[HIV] Pop52020"
5006,"[HIV] Pop52021"
5007,"[HIV] Pop52022"
5008,"[HIV] Pop52023"
